<?xml version="1.0"?>
<metadata xml:lang="nl"><Esri><CreaDate>20160321</CreaDate><CreaTime>15035800</CreaTime><ArcGISFormat>1.0</ArcGISFormat><SyncOnce>TRUE</SyncOnce><DataProperties><itemProps><itemLocation><linkage Sync="TRUE">file://\\L0142326\UserData\GYGA_2\UpdatedCZ\GYGAClmateZones</linkage><protocol Sync="TRUE">Local Area Network</protocol></itemLocation></itemProps><copyHistory><copy source="D:\UserData\GYGA_2\UpdatedCZ\cz_2015" dest="\\L0142326\UserData\GYGA_2\UpdatedCZ\GYGAClmateZones" date="20160321" time="15035900"></copy></copyHistory><lineage><Process ToolSource="c:\program files (x86)\arcgis\desktop10.2\ArcToolbox\Toolboxes\Data Management Tools.tbx\CalculateField" Date="20160321" Time="151021">CalculateField GYGAClimateZones GYGA_CZ [GRIDCODE] VB #</Process><Process ToolSource="c:\program files (x86)\arcgis\desktop10.2\ArcToolbox\Toolboxes\Data Management Tools.tbx\CalculateField" Date="20160321" Time="151234">CalculateField GYGAClimateZones GYGA_CZ [GRIDCODE] VB #</Process></lineage></DataProperties></Esri><MD_Metadata xmlns:gml="http://www.opengis.net/gml" xmlns:xlink="http://www.w3.org/1999/xlink" xmlns:xsi="http://www.w3.org/2001/XMLSchema-instance" xmlns:gco="http://www.isotc211.org/2005/gco" xsi:schemaLocation="http://www.isotc211.org/2005/gmd http://schemas.opengis.net/iso/19139/20060504/gmd/gmd.xsd" xmlns="http://www.isotc211.org/2005/gmd"><distributionInfo><MD_Distribution><transferOptions><MD_DigitalTransferOptions><onLine><CI_OnlineResource><linkage><URL>\\L0142326\UserData\GYGA_2\UpdatedCZ\GYGAClmateZones</URL></linkage></CI_OnlineResource></onLine></MD_DigitalTransferOptions></transferOptions></MD_Distribution></distributionInfo></MD_Metadata></metadata>
