day,DVS,LAI,TAGP,TWSO,TWLV,TWST,TWRT,TRA,RD,SM,WWLOW,LAT,LON,ELEV,IRRAD,TMIN,TMAX,VAP,RAIN,E0,ES0,ET0,WIND,SNOWDEPTH,year,crop,site
2014-08-01,,,,,,,,,,0.3129386,,25.68,32.65,-99.0,28440000.0,23.47,41.26,6.605102976618098,0.0,1.092396782195892,0.9993441892814301,1.008002669229917,2.83,0.0,2014,wheat,UpperEgypt
2014-08-02,,,,,,,,,,0.3129386,,25.68,32.65,-99.0,28320000.0,23.36,44.59,7.486723293301335,0.0,1.206880426587623,1.112812583305549,1.1509003020905517,3.28,0.0,2014,wheat,UpperEgypt
2014-08-03,,,,,,,,,,0.3129386,,25.68,32.65,-99.0,27680000.0,25.95,41.76,11.380168177777929,0.0,1.2273769619973351,1.135534629066616,1.0974937728571497,3.52,0.0,2014,wheat,UpperEgypt
2014-08-04,,,,,,,,,,0.3129386,,25.68,32.65,-99.0,27570000.0,25.25,39.54,11.85823638058395,0.0,1.1186056714548782,1.028373315148177,1.055369062284894,3.65,0.0,2014,wheat,UpperEgypt
2014-08-05,,,,,,,,,,0.3129386,,25.68,32.65,-99.0,28220000.0,23.84,39.43,10.640326675586591,0.0,1.0983855499981237,1.006717453412398,0.9842610126009739,3.08,0.0,2014,wheat,UpperEgypt
2014-08-06,,,,,,,,,,0.3129386,,25.68,32.65,-99.0,27730000.0,25.38,41.54,8.311774654634155,0.0,0.9469682724942794,0.8552920083738034,0.8510352538582916,2.01,0.0,2014,wheat,UpperEgypt
2014-08-07,,,,,,,,,,0.3129386,,25.68,32.65,-99.0,27830000.0,26.81,42.8,8.578045552235402,0.0,1.085523354074342,0.9924023829585723,0.9875239381539164,2.63,0.0,2014,wheat,UpperEgypt
2014-08-08,,,,,,,,,,0.3129386,,25.68,32.65,-99.0,27640000.0,25.9,42.11,9.422546734292066,0.0,1.2337031965989715,1.1418692309914271,1.1117042995408841,3.48,0.0,2014,wheat,UpperEgypt
2014-08-09,,,,,,,,,,0.3129386,,25.68,32.65,-99.0,27740000.0,24.27,39.33,8.411496384564026,0.0,1.252811900966384,1.1625537657210476,1.1591026801350623,4.22,0.0,2014,wheat,UpperEgypt
2014-08-10,,,,,,,,,,0.3129386,,25.68,32.65,-99.0,27600000.0,22.59,39.5,10.85991457863047,0.0,1.057405544642069,0.9682898669196988,0.9376862297392108,2.86,0.0,2014,wheat,UpperEgypt
2014-08-11,,,,,,,,,,0.3129386,,25.68,32.65,-99.0,27410000.0,23.82,40.06,10.97865120170484,0.0,1.085761816512023,0.9964529944801439,0.9618999229756027,2.94,0.0,2014,wheat,UpperEgypt
2014-08-12,,,,,,,,,,0.3129386,,25.68,32.65,-99.0,27750000.0,24.07,40.05,9.613233382452636,0.0,1.1956847065435412,1.1051606364496565,1.0636902004440119,3.53,0.0,2014,wheat,UpperEgypt
2014-08-13,,,,,,,,,,0.3129386,,25.68,32.65,-99.0,27350000.0,24.34,39.8,10.43891435274303,0.0,1.1380417209778932,1.0488136994176471,1.0313591903411023,3.42,0.0,2014,wheat,UpperEgypt
2014-08-14,,,,,,,,,,0.3129386,,25.68,32.65,-99.0,27470000.0,22.85,40.62,9.416031212690285,0.0,1.079271844822164,0.9899503247782293,0.9780897821496548,2.93,0.0,2014,wheat,UpperEgypt
2014-08-15,,,,,,,,,,0.3129386,,25.68,32.65,-99.0,27460000.0,23.14,40.97,7.856361362264619,0.0,1.2927819099580886,1.2032082775781887,1.1730795446265125,4.06,0.0,2014,wheat,UpperEgypt
2014-08-16,,,,,,,,,,0.3129386,,25.68,32.65,-99.0,27350000.0,23.22,40.91,8.723109603497123,0.0,1.212247743854854,1.1230241233469167,1.0999783469129074,3.65,0.0,2014,wheat,UpperEgypt
2014-08-17,,,,,,,,,,0.3129386,,25.68,32.65,-99.0,27190000.0,23.3,39.58,9.706499819855216,0.0,1.1356459457607393,1.0474976757420573,1.0114624960323055,3.33,0.0,2014,wheat,UpperEgypt
2014-08-18,,,,,,,,,,0.3129386,,25.68,32.65,-99.0,26340000.0,24.76,40.84,11.33407415594877,0.0,1.0767919580704788,0.9902486374748269,0.9578937648491628,2.91,0.0,2014,wheat,UpperEgypt
2014-08-19,,,,,,,,,,0.3129386,,25.68,32.65,-99.0,27000000.0,25.3,41.67,11.06094398383799,0.0,1.0126173419747637,0.9233338789566347,0.9060393428791398,2.44,0.0,2014,wheat,UpperEgypt
2014-08-20,,,,,,,,,,0.3129386,,25.68,32.65,-99.0,26060000.0,25.94,42.45,11.72326086606849,0.0,1.1321712757064293,1.0454393182218058,1.0168416068938473,3.1,0.0,2014,wheat,UpperEgypt
2014-08-21,,,,,,,,,,0.3129386,,25.68,32.65,-99.0,26060000.0,26.63,41.65,9.841120299720462,0.0,1.2907845899427355,1.2040952325275156,1.2122635101435448,4.37,0.0,2014,wheat,UpperEgypt
2014-08-22,,,,,,,,,,0.3129386,,25.68,32.65,-99.0,25740000.0,25.55,42.35,9.455183972725443,0.0,1.3362456581856206,1.2507668316303975,1.2052570473100537,4.23,0.0,2014,wheat,UpperEgypt
2014-08-23,,,,,,,,,,0.3129386,,25.68,32.65,-99.0,26690000.0,24.68,42.14,9.547098805994152,0.0,1.3055672372330425,1.2173700356977526,1.1836111168414416,4.1,0.0,2014,wheat,UpperEgypt
2014-08-24,,,,,,,,,,0.3129386,,25.68,32.65,-99.0,26950000.0,24.01,43.04,8.888888461709273,0.0,1.2137658680945367,1.1246148830732312,1.1298454315304016,3.58,0.0,2014,wheat,UpperEgypt
2014-08-25,,,,,,,,,,0.3129386,,25.68,32.65,-99.0,25850000.0,24.12,43.28,8.265208707618116,0.0,1.165062331512821,1.0794128237444434,1.0922377458747317,3.36,0.0,2014,wheat,UpperEgypt
2014-08-26,,,,,,,,,,0.3129386,,25.68,32.65,-99.0,26250000.0,24.31,43.67,7.828643773611002,0.0,1.335616365670519,1.2484124577890157,1.2500724885451466,4.2,0.0,2014,wheat,UpperEgypt
2014-08-27,,,,,,,,,,0.3129386,,25.68,32.65,-99.0,25980000.0,23.85,41.36,8.2710168373208,0.0,1.2737246967660574,1.1885234036449412,1.160202896206159,4.07,0.0,2014,wheat,UpperEgypt
2014-08-28,,,,,,,,,,0.3129386,,25.68,32.65,-99.0,26410000.0,23.65,41.09,8.710938855367713,0.0,1.097762977543538,1.0113481219713607,1.006789856325955,3.14,0.0,2014,wheat,UpperEgypt
2014-08-29,,,,,,,,,,0.3129386,,25.68,32.65,-99.0,25790000.0,24.77,41.96,8.405601323256334,0.0,1.2360709454058045,1.1508833338568394,1.1327366243898453,3.81,0.0,2014,wheat,UpperEgypt
2014-08-30,,,,,,,,,,0.3129386,,25.68,32.65,-99.0,25860000.0,25.03,42.19,7.328589122008782,0.0,1.3062904058698566,1.2206783088659567,1.2013588237187003,4.14,0.0,2014,wheat,UpperEgypt
2014-08-31,,,,,,,,,,0.3129386,,25.68,32.65,-99.0,25590000.0,23.73,41.01,8.753602096135062,0.0,1.3701747654961083,1.2864429913919047,1.2281286742235742,4.7,0.0,2014,wheat,UpperEgypt
2014-09-01,,,,,,,,,,0.3129386,,25.68,32.65,-99.0,26070000.0,23.33,39.62,9.082647197555469,0.0,1.3287049007774026,1.2441575604379094,1.1728622852662274,4.61,0.0,2014,wheat,UpperEgypt
2014-09-02,,,,,,,,,,0.3129386,,25.68,32.65,-99.0,26100000.0,22.16,38.94,10.640326675586591,0.0,1.1275464407081033,1.0437098277055386,1.002898544268011,3.65,0.0,2014,wheat,UpperEgypt
2014-09-03,,,,,,,,,,0.3129386,,25.68,32.65,-99.0,24840000.0,21.77,39.21,8.80872548861143,0.0,1.069000472546531,0.9892619339278521,0.9704894718944181,3.33,0.0,2014,wheat,UpperEgypt
2014-09-04,,,,,,,,,,0.3129386,,25.68,32.65,-99.0,26270000.0,20.04,42.7,7.35997790278252,0.0,1.132553571287397,1.0474485419481452,1.1026426916052325,3.51,0.0,2014,wheat,UpperEgypt
2014-09-05,,,,,,,,,,0.3129386,,25.68,32.65,-99.0,25400000.0,24.68,42.34,10.136136748494192,0.0,1.2582884321794174,1.1742764781774684,1.1498495035974234,4.04,0.0,2014,wheat,UpperEgypt
2014-09-06,,,,,,,,,,0.3129386,,25.68,32.65,-99.0,25940000.0,23.63,38.49,10.381988066138689,0.0,1.0727205424397823,0.988951717533233,1.0055999879850273,3.71,0.0,2014,wheat,UpperEgypt
2014-09-07,,,,,,,,,,0.3129386,,25.68,32.65,-99.0,25760000.0,21.53,37.99,8.851810599405436,0.0,1.0227560247653242,0.9407143301568832,0.9213101159264079,3.15,0.0,2014,wheat,UpperEgypt
2014-09-08,,,,,,,,,,0.3129386,,25.68,32.65,-99.0,25300000.0,22.3,38.36,9.666431325460758,0.0,1.0189316568029763,0.9378549808181951,0.9136308305117966,3.11,0.0,2014,wheat,UpperEgypt
2014-09-09,,,,,,,,,,0.3129386,,25.68,32.65,-99.0,25430000.0,21.25,37.88,9.99796482348786,0.0,0.9748049963781467,0.8939886292601846,0.8744653010431923,2.95,0.0,2014,wheat,UpperEgypt
2014-09-10,,,,,,,,,,0.3129386,,25.68,32.65,-99.0,24790000.0,22.75,37.83,11.65235185661674,0.0,0.9848372621810004,0.905428989579286,0.9053307444269361,3.31,0.0,2014,wheat,UpperEgypt
2014-09-11,,,,,,,,,,0.3129386,,25.68,32.65,-99.0,25100000.0,22.18,37.88,11.03095674150772,0.0,0.9565714527156011,0.876395504686665,0.8612925525926141,2.93,0.0,2014,wheat,UpperEgypt
2014-09-12,,,,,,,,,,0.3129386,,25.68,32.65,-99.0,24410000.0,22.92,38.24,11.15133661166179,0.0,1.0762899356744728,0.9978569094740679,0.9819044969119352,3.83,0.0,2014,wheat,UpperEgypt
2014-09-13,,,,,,,,,,0.3129386,,25.68,32.65,-99.0,25070000.0,21.17,37.49,9.82082296666925,0.0,1.1207502512959506,1.041286682277008,0.9915302000376665,3.96,0.0,2014,wheat,UpperEgypt
2014-09-14,,,,,,,,,,0.3129386,,25.68,32.65,-99.0,25020000.0,20.4,37.71,8.994687044870846,0.0,1.0464145687647075,0.9673554800209974,0.9460392796768489,3.52,0.0,2014,wheat,UpperEgypt
2014-09-15,,,,,,,,,,0.3129386,,25.68,32.65,-99.0,24680000.0,20.54,39.22,9.403012078985913,0.0,1.0180888973992348,0.9393833144707205,0.939356669323159,3.28,0.0,2014,wheat,UpperEgypt
2014-09-16,,,,,,,,,,0.3129386,,25.68,32.65,-99.0,24300000.0,22.0,39.82,9.96368215106932,0.0,0.925933637641082,0.8475830280851738,0.8510137839231564,2.65,0.0,2014,wheat,UpperEgypt
2014-09-17,,,,,,,,,,0.3129386,,25.68,32.65,-99.0,23970000.0,24.74,39.83,9.895427295634889,0.0,0.8463545106972281,0.767988394917341,0.7968974911432876,2.3,0.0,2014,wheat,UpperEgypt
2014-09-18,,,,,,,,,,0.3129386,,25.68,32.65,-99.0,24150000.0,23.04,37.53,10.524819107818558,0.0,0.9779875472941711,0.9006334970164905,0.9382868596912507,3.62,0.0,2014,wheat,UpperEgypt
2014-09-19,,,,,,,,,,0.3129386,,25.68,32.65,-99.0,23520000.0,21.51,37.19,10.150045997055111,0.0,1.065354613376623,0.9907872997422842,0.9571574062995051,3.92,0.0,2014,wheat,UpperEgypt
2014-09-20,,,,,,,,,,0.3129386,,25.68,32.65,-99.0,24060000.0,20.75,35.75,11.40327697849627,0.0,1.016750372799052,0.941430633324891,0.924972449122843,4.14,0.0,2014,wheat,UpperEgypt
2014-09-21,,,,,,,,,,0.3129386,,25.68,32.65,-99.0,23760000.0,19.48,35.33,10.97119682931977,0.0,0.9859765688884927,0.9123492296688637,0.8663346949777135,3.74,0.0,2014,wheat,UpperEgypt
2014-09-22,,,,,,,,,,0.3129386,,25.68,32.65,-99.0,24290000.0,19.24,37.54,9.209619690913836,0.0,0.8386010810001876,0.7624359269271096,0.7733441881471019,2.47,0.0,2014,wheat,UpperEgypt
2014-09-23,,,,,,,,,,0.3129386,,25.68,32.65,-99.0,23840000.0,19.99,39.44,9.429066228490017,0.0,0.8467149774465152,0.7708258039818411,0.7935589219781212,2.42,0.0,2014,wheat,UpperEgypt
2014-09-24,,,,,,,,,,0.3129386,,25.68,32.65,-99.0,23370000.0,20.56,41.69,10.23385503838869,0.0,0.878653003786505,0.8031328677364347,0.8395899844760912,2.51,0.0,2014,wheat,UpperEgypt
2014-09-25,,,,,,,,,,0.3129386,,25.68,32.65,-99.0,23580000.0,23.62,42.53,8.759711860031375,0.0,1.1779610859429768,1.1002841090714788,1.1154665717841943,3.97,0.0,2014,wheat,UpperEgypt
2014-09-26,,,,,,,,,,0.3129386,,25.68,32.65,-99.0,23130000.0,23.14,41.01,9.800562520793934,0.0,1.13370348700262,1.0582392853205391,1.0507525942435345,3.91,0.0,2014,wheat,UpperEgypt
2014-09-27,,,,,,,,,,0.3129386,,25.68,32.65,-99.0,23430000.0,21.73,41.0,9.547098805994152,0.0,0.9632863726470889,0.8873857567347953,0.9131997081443911,3.02,0.0,2014,wheat,UpperEgypt
2014-09-28,,,,,,,,,,0.3129386,,25.68,32.65,-99.0,22830000.0,22.85,40.4,9.814065388970683,0.0,1.000767817901625,0.9266157309884756,0.9310315333430106,3.25,0.0,2014,wheat,UpperEgypt
2014-09-29,,,,,,,,,,0.3129386,,25.68,32.65,-99.0,23000000.0,22.09,35.23,11.28050548782702,0.0,0.8741073866201529,0.8017598805886772,0.8937085986174221,4.03,0.0,2014,wheat,UpperEgypt
2014-09-30,,,,,,,,,,0.3129386,,25.68,32.65,-99.0,22500000.0,18.81,33.05,10.896897758820941,0.0,0.8293465894871004,0.7609196038921017,0.7829797927767521,3.69,0.0,2014,wheat,UpperEgypt
2014-10-01,,,,,,,,,,0.3129386,,25.68,32.65,-99.0,22990000.0,18.45,33.33,11.24237867503351,0.0,0.871475783839147,0.8015954457259168,0.7954097637723665,3.81,0.0,2014,wheat,UpperEgypt
2014-10-02,,,,,,,,,,0.3129386,,25.68,32.65,-99.0,22860000.0,18.28,32.88,11.21955705718084,0.0,0.7751796413610881,0.7059799713980778,0.7204165350265219,3.17,0.0,2014,wheat,UpperEgypt
2014-10-03,,,,,,,,,,0.3129386,,25.68,32.65,-99.0,22500000.0,16.78,33.68,8.429203453568485,0.0,0.7309389000470186,0.6631497648036696,0.6652228387276544,2.38,0.0,2014,wheat,UpperEgypt
2014-10-04,,,,,,,,,,0.3129386,,25.68,32.65,-99.0,22890000.0,17.1,34.48,7.9288328013909375,0.0,0.7641697461908021,0.6946852697680537,0.7053168122906961,2.53,0.0,2014,wheat,UpperEgypt
2014-10-05,,,,,,,,,,0.3129386,,25.68,32.65,-99.0,21800000.0,18.57,36.18,8.317611638580383,0.0,0.764128009106741,0.6965992169728754,0.7097450270319869,2.42,0.0,2014,wheat,UpperEgypt
2014-10-06,,,,,,,,,,0.3129386,,25.68,32.65,-99.0,21780000.0,21.82,39.69,8.276828567102019,0.0,0.7231486476335,0.6530370207475098,0.6792965171087703,1.91,0.0,2014,wheat,UpperEgypt
2014-10-07,,,,,,,,,,0.3129386,,25.68,32.65,-99.0,21640000.0,23.08,42.13,8.317611638580383,0.0,0.7177354927609448,0.6467672101150267,0.6830975656072258,1.79,0.0,2014,wheat,UpperEgypt
2014-10-08,,,,,,,,,,0.3129386,,25.68,32.65,-99.0,21330000.0,23.66,40.95,10.381988066138689,0.0,0.916576789850755,0.8468281227130617,0.8602733172141857,2.92,0.0,2014,wheat,UpperEgypt
2014-10-09,,,,,,,,,,0.3129386,,25.68,32.65,-99.0,21020000.0,23.54,39.41,9.96368215106932,0.0,0.8877890383590177,0.8196192994278266,0.827517434803573,2.9,0.0,2014,wheat,UpperEgypt
2014-10-10,,,,,,,,,,0.3129386,,25.68,32.65,-99.0,19830000.0,22.54,37.41,9.032291874152726,0.0,0.730411552325327,0.6671072325780775,0.7078829043227186,2.39,0.0,2014,wheat,UpperEgypt
2014-10-11,,,,,,,,,,0.3129386,,25.68,32.65,-99.0,21260000.0,21.36,36.08,9.280119266085729,0.0,0.8812074587364563,0.8142867700637396,0.85820483363613,3.61,0.0,2014,wheat,UpperEgypt
2014-10-12,,,,,,,,,,0.3129386,,25.68,32.65,-99.0,21180000.0,20.18,34.05,10.170941387967181,0.0,0.7384284450646705,0.6730310062543444,0.7386973798074944,3.13,0.0,2014,wheat,UpperEgypt
2014-10-13,,,,,,,,,,0.3129386,,25.68,32.65,-99.0,21400000.0,18.7,32.62,8.22465244136694,0.0,0.6975460896548028,0.6326967552293408,0.7035792285217233,2.93,0.0,2014,wheat,UpperEgypt
2014-10-14,,,,,,,,,,0.3129386,,25.68,32.65,-99.0,20990000.0,17.56,32.81,9.051146206520801,0.0,0.7219744512692758,0.6587734461277688,0.6759996943601445,2.83,0.0,2014,wheat,UpperEgypt
2014-10-15,,,,,,,,,,0.3129386,,25.68,32.65,-99.0,21260000.0,17.68,31.58,8.317611638580383,0.0,0.6560528663785232,0.5925274299593927,0.6579079986535513,2.78,0.0,2014,wheat,UpperEgypt
2014-10-16,,,,,,,,,,0.3129386,,25.68,32.65,-99.0,21270000.0,15.8,31.73,8.041479408954133,0.0,0.7256772878756376,0.6629014329350801,0.6616857140099306,2.85,0.0,2014,wheat,UpperEgypt
2014-10-17,,,,,,,,,,0.3129386,,25.68,32.65,-99.0,20780000.0,16.26,33.21,8.626162053693301,0.0,0.6561064166193851,0.5939242297128126,0.6061411465200718,2.26,0.0,2014,wheat,UpperEgypt
2014-10-18,,,,,,,,,,0.3129386,,25.68,32.65,-99.0,20770000.0,16.24,36.18,8.030151559620197,0.0,0.7086288929136273,0.6452314791526822,0.6862695515552918,2.46,0.0,2014,wheat,UpperEgypt
2014-10-19,,,,,,,,,,0.3129386,,25.68,32.65,-99.0,21000000.0,17.23,34.01,8.22465244136694,0.0,0.7960309604258302,0.7324277138916464,0.7373201633184171,3.14,0.0,2014,wheat,UpperEgypt
2014-10-20,,,,,,,,,,0.3129386,,25.68,32.65,-99.0,20420000.0,18.43,31.01,10.27598762466469,0.0,0.6349654700916418,0.5738733057443024,0.6749833238079862,3.37,0.0,2014,wheat,UpperEgypt
2014-10-21,,,,,,,,,,0.3129386,,25.68,32.65,-99.0,20390000.0,15.64,30.9,7.934431882980983,0.0,0.543250479326127,0.48350875681844857,0.5105907061007566,1.81,0.0,2014,wheat,UpperEgypt
2014-10-22,,,,,,,,,,0.3129386,,25.68,32.65,-99.0,20170000.0,15.98,31.22,8.22465244136694,0.0,0.5841400871821006,0.524754071459253,0.5525018449056002,2.14,0.0,2014,wheat,UpperEgypt
2014-10-23,,,,,,,,,,0.3129386,,25.68,32.65,-99.0,19660000.0,15.3,31.2,8.17276668513208,0.0,0.6439907654085071,0.5864050668793237,0.5922484084410111,2.53,0.0,2014,wheat,UpperEgypt
2014-10-24,,,,,,,,,,0.3129386,,25.68,32.65,-99.0,19950000.0,15.81,32.72,6.901390459484452,0.0,0.655851180978984,0.5965460840153605,0.6190495541336491,2.43,0.0,2014,wheat,UpperEgypt
2014-10-25,,,,,,,,,,0.3129386,,25.68,32.65,-99.0,20050000.0,16.36,33.52,6.754239764171944,0.0,0.6622572480425586,0.6020889474536513,0.6316576906180755,2.42,0.0,2014,wheat,UpperEgypt
2014-10-26,,,,,,,,,,0.3129386,,25.68,32.65,-99.0,19140000.0,18.06,33.93,5.748749746479173,0.0,0.6639251221090511,0.6056668205626707,0.6370555301531345,2.38,0.0,2014,wheat,UpperEgypt
2014-10-27,,,,,,,,,,0.3129386,,25.68,32.65,-99.0,19720000.0,16.57,33.68,6.571832460871574,0.0,0.7078962243268294,0.6485677902766955,0.6761184075964904,2.74,0.0,2014,wheat,UpperEgypt
2014-10-28,,,,,,,,,,0.3129386,,25.68,32.65,-99.0,19360000.0,16.41,31.43,8.790317115334242,0.0,0.6702093406939561,0.6129420460766888,0.6426104884551594,3.05,0.0,2014,wheat,UpperEgypt
2014-10-29,,,,,,,,,,0.3129386,,25.68,32.65,-99.0,19030000.0,15.71,30.61,10.025465723558831,0.0,0.6377322695450328,0.5820667602074414,0.6047055558019718,3.08,0.0,2014,wheat,UpperEgypt
2014-10-30,,,,,,,,,,0.3129386,,25.68,32.65,-99.0,18960000.0,14.8,30.02,9.095274627515115,0.0,0.6780586843875713,0.6232276822485014,0.632060463257198,3.42,0.0,2014,wheat,UpperEgypt
2014-10-31,,,,,,,,,,0.3129386,,25.68,32.65,-99.0,18580000.0,14.78,28.97,9.209619690913836,0.0,0.6458557788534114,0.5925726218461685,0.6277459002320368,3.7,0.0,2014,wheat,UpperEgypt
2014-11-01,,,,,,,,,,0.3129386,,25.68,32.65,-99.0,19060000.0,14.58,31.15,8.22465244136694,0.0,0.5538444089096707,0.4983384103576064,0.5180778802815292,2.08,0.0,2014,wheat,UpperEgypt
2014-11-02,,,,,,,,,,0.3129386,,25.68,32.65,-99.0,19360000.0,16.69,33.8,7.8341803771588,0.0,0.5194719202149216,0.4611312409345012,0.49369823391361356,1.62,0.0,2014,wheat,UpperEgypt
2014-11-03,,,,,,,,,,0.3129386,,25.68,32.65,-99.0,19160000.0,16.47,31.49,7.756981514188748,0.0,0.7256728876349463,0.6689481081070646,0.704450058157138,3.56,0.0,2014,wheat,UpperEgypt
2014-11-04,,,,,,,,,,0.3129386,,25.68,32.65,-99.0,19050000.0,13.52,28.39,7.817580924843126,0.0,0.6230582705079153,0.5692360805994873,0.598228677817465,3.32,0.0,2014,wheat,UpperEgypt
2014-11-05,,,,,,,,,,0.3129386,,25.68,32.65,-99.0,18650000.0,13.67,27.67,9.435589697357575,0.0,0.5345911668658954,0.4821487400629435,0.5278481122049429,3.01,0.0,2014,wheat,UpperEgypt
2014-11-06,,,,,,,,,,0.3129386,,25.68,32.65,-99.0,18360000.0,13.56,30.68,10.47463268153453,0.0,0.5791410033850533,0.5262847258383495,0.5362134654124692,2.68,0.0,2014,wheat,UpperEgypt
2014-11-07,,,,,,,,,,0.3129386,,25.68,32.65,-99.0,18650000.0,15.45,32.52,10.517636682138829,0.0,0.6076658251434048,0.5524469654289131,0.5697588876548183,2.6,0.0,2014,wheat,UpperEgypt
2014-11-08,,,,,,,,,,0.3129386,,25.68,32.65,-99.0,18210000.0,15.86,32.94,10.170941387967181,0.0,0.49843861398608585,0.4442022932316488,0.46582573294554824,1.69,0.0,2014,wheat,UpperEgypt
2014-11-09,,,,,,,,,,0.3129386,,25.68,32.65,-99.0,18160000.0,17.31,33.14,9.834350419916785,0.0,0.4727806541631151,0.418071010187597,0.43900929205793277,1.46,0.0,2014,wheat,UpperEgypt
2014-11-10,,,,,,,,,,0.3129386,,25.68,32.65,-99.0,18270000.0,16.6,33.97,7.996252442917136,0.0,0.49948382864560453,0.44439792034035397,0.48086147582484573,1.65,0.0,2014,wheat,UpperEgypt
2014-11-11,,,,,,,,,,0.3129386,,25.68,32.65,-99.0,17900000.0,16.68,34.13,8.851810599405436,0.0,0.5238384727998845,0.46978048331216826,0.5029793239873923,1.83,0.0,2014,wheat,UpperEgypt
2014-11-12,,,,,,,,,,0.3129386,,25.68,32.65,-99.0,18140000.0,16.26,31.39,8.518232869037488,0.0,0.5700058211968848,0.5164210809348647,0.5621091544119642,2.56,0.0,2014,wheat,UpperEgypt
2014-11-13,,,,,,,,,,0.3129386,,25.68,32.65,-99.0,18060000.0,13.07,28.32,7.423111773389321,0.0,0.4390936114688138,0.3882889365020772,0.42680641713749506,1.79,0.0,2014,wheat,UpperEgypt
2014-11-14,,,,,,,,,,0.3129386,,25.68,32.65,-99.0,18010000.0,14.71,30.77,6.094677193614956,0.0,0.4137870660202185,0.36143849328774286,0.3962943758810148,1.33,0.0,2014,wheat,UpperEgypt
2014-11-15,-0.1,0.03445,25.0,0.0,16.25,8.75,25.0,0.0,10.0,0.3129386,,25.68,32.65,-99.0,17600000.0,14.1,28.74,7.801012519798132,0.0,0.5273076427583805,0.4772019386412688,0.5291873066953923,2.71,0.0,2014,wheat,UpperEgypt
2014-11-16,-0.08215,0.03445,25.0,0.0,16.25,8.75,25.0,0.0,10.0,0.3129386,,25.68,32.65,-99.0,17550000.0,12.42,26.53,8.530165894069091,0.0,0.5069534390951912,0.45861003477062817,0.5076684450742787,3.15,0.0,2014,wheat,UpperEgypt
2014-11-17,-0.06592083333333333,0.03445,25.0,0.0,16.25,8.75,25.0,0.0,10.0,0.3129386,,25.68,32.65,-99.0,17290000.0,12.34,26.96,9.984239307059951,0.0,0.46104019935181395,0.41326579769331506,0.4468209861730127,2.62,0.0,2014,wheat,UpperEgypt
2014-11-18,-0.04954583333333333,0.03445,25.0,0.0,16.25,8.75,25.0,0.0,10.0,0.3129386,,25.68,32.65,-99.0,17010000.0,12.82,27.62,10.75694877037842,0.0,0.39395787387640707,0.3464903101718003,0.37460819557070896,1.76,0.0,2014,wheat,UpperEgypt
2014-11-19,-0.032695833333333334,0.03445,25.0,0.0,16.25,8.75,25.0,0.0,10.0,0.3129386,,25.68,32.65,-99.0,16340000.0,14.5,28.86,10.163972052359549,0.0,0.40004409806911145,0.353330222679078,0.3903084615645596,1.7,0.0,2014,wheat,UpperEgypt
2014-11-20,-0.014629166666666665,0.03445,25.0,0.0,16.25,8.75,25.0,0.0,10.0,0.3129386,,25.68,32.65,-99.0,16880000.0,14.85,29.48,9.286551840570231,0.0,0.45272515205863123,0.404095316055335,0.4511382035614397,2.09,0.0,2014,wheat,UpperEgypt
2014-11-21,0.0,0.03445,25.0,0.0,16.25,8.75,25.0,0.007382975214921034,10.0,0.3129386,,25.68,32.65,-99.0,17110000.0,12.38,28.42,8.376180642483815,0.0,0.5093747206015236,0.46148136354993363,0.47994519348268094,2.51,0.0,2014,wheat,UpperEgypt
2014-11-22,0.0,0.03752057523989941,27.228283918649794,0.0,17.698384547122366,9.529899371527428,27.228283918649794,0.0080094085930755,11.2,0.3129386,,25.68,32.65,-99.0,16930000.0,11.27,25.87,8.596061431391776,0.0,0.4894914554643761,0.4436122739142891,0.4783873192044288,3.15,0.0,2014,wheat,UpperEgypt
2014-11-23,0.0,0.04089142778551502,29.674475896600164,0.0,19.288409332790106,10.386066563810058,29.674475896600164,0.008350779191735293,12.399999999999999,0.3129386,,25.68,32.65,-99.0,16670000.0,10.47,24.61,9.280119266085729,0.0,0.47051348459095543,0.4262083318455976,0.45800671128698955,3.56,0.0,2014,wheat,UpperEgypt
2014-11-24,0.0,0.044563759071934675,32.339447802565076,0.0,21.0206410716673,11.318806730897776,32.339447802565076,0.008368757829408456,13.599999999999998,0.3129386,,25.68,32.65,-99.0,13520000.0,10.47,22.33,8.44694339081867,0.0,0.38957598733542376,0.35444480473480844,0.4215159336327197,3.62,0.0,2014,wheat,UpperEgypt
2014-11-25,0.0,0.04821723049866125,34.99073330817217,0.0,22.74397665031191,12.24675665786026,34.99073330817217,0.00792738284459196,14.799999999999997,0.3129386,,25.68,32.65,-99.0,16560000.0,9.09,22.5,8.839481649806642,0.0,0.36533821269139366,0.3228399893351247,0.3693330266796827,2.75,0.0,2014,wheat,UpperEgypt
2014-11-26,0.0,0.05256563755690775,38.14632623868487,0.0,24.795112055145164,13.351214183539705,38.146326238684864,0.008146080986391168,15.999999999999996,0.3129386,,25.68,32.65,-99.0,16620000.0,8.71,22.79,8.41739509209634,0.0,0.350683090906357,0.30807092241248346,0.34846620503920034,2.26,0.0,2014,wheat,UpperEgypt
2014-11-27,0.0,0.057302330514295,41.58369413228955,0.0,27.029401185988206,14.554292946301343,41.583694132289544,0.010253526580259268,17.199999999999996,0.3129386,,25.68,32.65,-99.0,16570000.0,9.14,22.74,8.081237993659695,0.0,0.39553146453786436,0.35287924768586887,0.4027873288515217,3.01,0.0,2014,wheat,UpperEgypt
2014-11-28,0.0,0.0624426432381384,45.31396461403367,0.0,29.454076999121888,15.859887614911786,45.313964614033665,0.011342738547929939,18.399999999999995,0.3129386,,25.68,32.65,-99.0,16460000.0,9.2,24.49,8.452864016325307,0.0,0.43001286465068295,0.386857856977542,0.4093657489283748,2.76,0.0,2014,wheat,UpperEgypt
2014-11-29,0.0,0.06798780791553086,49.338031869035454,0.0,32.06972071487304,17.26831115416241,49.33803186903545,0.012561608707280602,19.599999999999994,0.3129386,,25.68,32.65,-99.0,16060000.0,9.76,26.25,8.650309434078974,0.0,0.44298685872914884,0.3999220496247145,0.41689653443923913,2.5,0.0,2014,wheat,UpperEgypt
2014-11-30,0.0,0.07391463044968483,53.63906418699915,0.0,34.86539172154944,18.773672465449707,53.63906418699914,0.013756706654923947,20.799999999999994,0.3129386,,25.68,32.65,-99.0,16240000.0,9.66,25.66,9.235201091473193,0.0,0.4546795409360295,0.4114173989779227,0.4205079341117253,2.82,0.0,2014,wheat,UpperEgypt
2014-12-01,0.0,0.08037839504149583,58.32974966726839,0.0,37.91433728372445,20.41541238354394,58.32974966726838,0.014957063730024742,21.999999999999993,0.3129386,,25.68,32.65,-99.0,16230000.0,10.14,27.1,9.533920103362,0.0,0.4439662937589978,0.3999435468071709,0.42104169193506547,2.53,0.0,2014,wheat,UpperEgypt
2014-12-02,0.0,0.08733790591642261,63.3801929727305,0.0,41.19712543227482,22.183067540455678,63.380192972730484,0.017332071586567833,23.199999999999992,0.3129386,,25.68,32.65,-99.0,16180000.0,11.96,28.64,9.814065388970683,0.0,0.472997592356527,0.4277844415516533,0.4497193434659934,2.52,0.0,2014,wheat,UpperEgypt
2014-12-03,0.0,0.09477154463635291,68.77470583189617,0.0,44.70355879073251,24.071147041163663,68.77470583189616,0.017362373821853183,24.39999999999999,0.3129386,,25.68,32.65,-99.0,16060000.0,13.69,30.19,12.65486043079312,0.0,0.44357867797241496,0.3974748229191073,0.41585931995841563,2.19,0.0,2014,wheat,UpperEgypt
2014-12-04,0.0,0.10198521696470414,74.0095914112512,0.0,48.106234417313274,25.903356993937923,74.00959141125118,0.011786149440251848,25.59999999999999,0.3129386,,25.68,32.65,-99.0,12340000.0,16.44,27.15,16.25777737521426,0.0,0.28538008279494964,0.2500368031074697,0.26275422432836015,1.31,0.0,2014,wheat,UpperEgypt
2014-12-05,0.0,0.10942346266628344,79.40744750818828,0.0,51.614840880322376,27.7926066278659,79.40744750818826,0.01799667626466052,26.79999999999999,0.3129386,,25.68,32.65,-99.0,15810000.0,15.34,30.6,11.98651885781479,0.0,0.39321913983794093,0.34710448286828693,0.37455699654486063,1.62,0.0,2014,wheat,UpperEgypt
2014-12-06,0.0,0.11699782589166655,84.90408264997572,0.0,55.18765372248422,29.716428927491503,84.90408264997569,0.02118600103302637,27.99999999999999,0.3129386,,25.68,32.65,-99.0,15820000.0,15.36,30.7,9.403012078985913,0.0,0.4203537031952974,0.3741681198098397,0.41308660754695137,1.79,0.0,2014,wheat,UpperEgypt
2014-12-07,0.0,0.12499106475399993,90.70469140348325,0.0,58.95804941226412,31.746641991219143,90.70469140348322,0.020360474951717566,29.19999999999999,0.3129386,,25.68,32.65,-99.0,15670000.0,14.65,29.17,9.216009178941873,0.015,0.37033565918614725,0.32537275637912005,0.37226554023877884,1.61,0.0,2014,wheat,UpperEgypt
2014-12-08,0.0,0.13473913401182255,97.7787619824547,0.0,63.55619528859555,34.22256669385914,97.77876198245465,0.02207081641903685,30.399999999999988,0.3129386,,25.68,32.65,-99.0,15440000.0,14.58,29.91,9.719888462586145,0.004,0.38709812496279594,0.3425611282363751,0.37515592845171863,1.61,0.0,2014,wheat,UpperEgypt
2014-12-09,0.0,0.1446331642355697,104.95875488793158,0.0,68.22319067715553,36.735564210776054,104.95875488793155,0.03127894860038842,31.599999999999987,0.3129386,,25.68,32.65,-99.0,15820000.0,13.54,26.8,7.193932697416815,0.0,0.44335669951932,0.3992477214102434,0.49639580826024954,2.91,0.0,2014,wheat,UpperEgypt
2014-12-10,0.0,0.1565256872594289,113.58903284428803,0.0,73.83287134878722,39.75616149550081,113.589032844288,0.025744426342000797,32.79999999999999,0.3129386,,25.68,32.65,-99.0,15890000.0,9.53,27.22,5.055690705877617,0.0,0.3758378820393914,0.3329322450153712,0.3785213812689988,1.68,0.0,2014,wheat,UpperEgypt
2014-12-11,0.0,0.169519927379518,123.01881522461393,0.0,79.96222989599906,43.05658532861487,123.01881522461389,0.027145014885847356,33.99999999999999,0.3129386,,25.68,32.65,-99.0,15570000.0,13.1,30.4,11.41870577343176,0.0,0.3881657886003831,0.34360338571554594,0.3695867288382688,1.66,0.0,2014,wheat,UpperEgypt
2014-12-12,0.0,0.1818632453800635,131.97623031934938,0.0,85.7845497075771,46.19168061177229,131.97623031934938,0.03886023136665994,35.199999999999996,0.3129386,,25.68,32.65,-99.0,15460000.0,14.03,27.41,8.802585591210153,0.0,0.4542010304998019,0.41069222092360097,0.4945358021957871,3.06,0.0,2014,wheat,UpperEgypt
2014-12-13,0.0,0.19638569585688795,142.5150187640696,0.0,92.63476219664523,49.88025656742436,142.51501876406957,0.041586902312882645,36.4,0.3129386,,25.68,32.65,-99.0,15650000.0,9.2,23.32,6.628958670497158,0.0,0.49037735249521575,0.44982722165308847,0.4916804796238772,3.89,0.0,2014,wheat,UpperEgypt
2014-12-14,0.0,0.2125548273749636,154.24878619373263,0.0,100.2617110259262,53.98707516780643,154.24878619373263,0.03576360967874746,37.6,0.3129386,,25.68,32.65,-99.0,15830000.0,8.55,22.91,9.038572801139642,0.0,0.4016356181601116,0.36106589751290646,0.3920688878548896,3.4,0.0,2014,wheat,UpperEgypt
2014-12-15,0.0,0.23004621281684215,166.94209928653274,0.0,108.51236453624627,58.429734750286464,166.94209928653274,0.03534619721486756,38.800000000000004,0.3129386,,25.68,32.65,-99.0,15610000.0,9.09,23.29,9.481365444533235,0.0,0.3615330218349301,0.3211444143783016,0.35941851415782744,2.79,0.0,2014,wheat,UpperEgypt
2014-12-16,0.0,0.24871036576477792,180.48647733293026,0.0,117.31621026640467,63.1702670665256,180.48647733293026,0.03724079329857004,40.00000000000001,0.3129386,,25.68,32.65,-99.0,15650000.0,9.25,25.17,9.915860373741852,0.0,0.3732838761520348,0.33195571895606385,0.35171341061854955,2.28,0.0,2014,wheat,UpperEgypt
2014-12-17,2.4837892244379284e-05,0.2686114374679921,194.92847421479837,0.0,126.70350823961893,68.22496597517943,194.92847421479837,0.033071051855373526,41.20000000000001,0.3129386,,25.68,32.65,-99.0,15320000.0,10.02,26.11,9.228799877175787,0.0,0.3105877973801147,0.2694607237924379,0.2904653545722009,1.3,0.0,2014,wheat,UpperEgypt
2014-12-18,5.0889473870795475e-05,0.28966991962904803,210.2103916030828,0.0,136.6367545420038,73.57363706107898,210.21039160308283,0.03731633075489805,42.40000000000001,0.3129386,,25.68,32.65,-99.0,15450000.0,13.25,27.05,11.03095674150772,0.0,0.30923532169643064,0.26617275414323516,0.30533813874342003,1.38,0.0,2014,wheat,UpperEgypt
2014-12-19,7.993023836258155e-05,0.3118627786224048,226.31551423977135,0.0,147.10508425585138,79.21042998391997,226.31551423977135,0.05295958406022346,43.600000000000016,0.3129386,,25.68,32.65,-99.0,15570000.0,12.01,26.49,7.631611697013151,0.0,0.3907551469121779,0.3480372301255762,0.40446993044117263,2.18,0.0,2014,wheat,UpperEgypt
2014-12-20,0.00010766187709104945,0.33577532174954144,243.6685934321781,0.0,158.3845857309158,85.28400770126233,243.6685934321781,0.05968200765201571,44.80000000000002,0.3129386,,25.68,32.65,-99.0,15510000.0,10.04,24.66,7.59920212735866,0.0,0.42251439980519534,0.38144382156762935,0.4255786028921283,2.83,0.0,2014,wheat,UpperEgypt
2014-12-21,0.00013264986377530317,0.3616309432472165,262.4317440110425,0.0,170.58063360717762,91.85111040386485,262.43174401104244,0.062381951195668826,46.00000000000002,0.3129386,,25.68,32.65,-99.0,15450000.0,8.77,22.84,8.387937997361554,0.0,0.4182363105342657,0.3785784350296298,0.4153736772912474,3.58,0.0,2014,wheat,UpperEgypt
2014-12-22,0.00015541072022182557,0.389470141359849,282.6343551232576,0.0,183.71233083011745,98.92202429314017,282.6343551232576,0.06222423220430431,47.200000000000024,0.3129386,,25.68,32.65,-99.0,15550000.0,7.51,21.67,7.454857633878181,0.0,0.38751377051109603,0.34862363661799195,0.38705683052336975,3.22,0.0,2014,wheat,UpperEgypt
2014-12-23,0.00045542898634692657,0.419417860837881,304.3670978504216,0.0,197.83861360277405,106.52848424764758,304.36709785042166,0.06833554132036769,48.40000000000003,0.3129386,,25.68,32.65,-99.0,15700000.0,8.61,21.62,7.529397863673969,0.0,0.3717808946332417,0.3320652893173261,0.3973074761525335,3.31,0.0,2014,wheat,UpperEgypt
2014-12-24,0.001349402979485089,0.4512859286091054,327.4934169877397,0.0,212.87072104203082,114.6226959457089,327.4934169877397,0.06151416870873946,49.60000000000003,0.3129386,,25.68,32.65,-99.0,15810000.0,6.47,24.05,8.530165894069091,0.0,0.3452756568081631,0.3051574544410548,0.3347054641872524,2.15,0.0,2014,wheat,UpperEgypt
2014-12-25,0.0027129785676223476,0.4852036344247742,352.1071367378623,0.0,228.86963887961048,123.23749785825179,352.1071367378622,0.06642304825887205,50.80000000000003,0.3129386,,25.68,32.65,-99.0,15650000.0,8.3,25.58,8.288462834553565,0.0,0.34904689259087,0.30793804316596574,0.33863527544306443,1.82,0.0,2014,wheat,UpperEgypt
2014-12-26,0.004699888161336754,0.5207514554229853,377.9038138047788,0.0,245.63747897310623,132.26633483167257,377.90381380477874,0.0710441116913961,52.000000000000036,0.3129386,,25.68,32.65,-99.0,15680000.0,9.52,24.96,7.209357642889314,0.0,0.34606177675165256,0.3046300719742111,0.34007735301546227,1.75,0.0,2014,wheat,UpperEgypt
2014-12-27,0.006740145657445436,0.5583679744788094,405.2017231341143,0.0,263.3811200371743,141.82060309693998,405.2017231341142,0.0731137379835042,53.20000000000004,0.3129386,,25.68,32.65,-99.0,16020000.0,8.42,22.26,7.302522156635223,0.0,0.3160028472386432,0.275282428786226,0.32906807292566126,2.04,0.0,2014,wheat,UpperEgypt
2014-12-28,0.008557271456379245,0.5988864623289759,434.605560470955,0.0,282.4936143061208,152.11194616483425,434.605560470955,0.08169624839863868,54.40000000000004,0.3129386,,25.68,32.65,-99.0,15960000.0,6.53,20.38,6.866804329213611,0.0,0.33758798737061796,0.2986795317136616,0.34582195774634433,2.72,0.0,2014,wheat,UpperEgypt
2014-12-29,0.010511795301016277,0.6422563358032783,466.0786181446142,0.0,302.9511017939992,163.12751635061497,466.0786181446142,0.09084132346570047,55.600000000000044,0.3129386,,25.68,32.65,-99.0,16110000.0,5.67,22.23,5.919478982780611,0.0,0.3763909310956848,0.3366705577634108,0.3619186432604768,2.33,0.0,2014,wheat,UpperEgypt
2014-12-30,0.01333651187111564,0.6880504052084022,499.3108891207564,0.0,324.5520779284917,174.75881119226472,499.3108891207563,0.0942319200151745,56.80000000000005,0.3129386,,25.68,32.65,-99.0,16020000.0,6.21,23.73,4.769803426643932,0.0,0.3550708712538914,0.31467216438184603,0.35388781516683554,1.83,0.0,2014,wheat,UpperEgypt
2014-12-31,0.017107872723337744,0.7360621716798805,534.1525193613068,0.0,347.1991375848494,186.95338177645732,534.1525193613066,0.08903928118437873,58.00000000000005,0.3129386,,25.68,32.65,-99.0,15900000.0,9.12,26.73,4.2696892941557,0.0,0.3151704522611197,0.2725992433796377,0.3157885519472675,1.23,0.0,2014,wheat,UpperEgypt
2015-01-01,0.022218258912855678,0.7854926748276676,570.0237117762465,0.0,370.5154126545603,199.50829912168626,570.0237117762465,0.16883359949707777,59.20000000000005,0.3129386,,25.68,32.65,-99.0,15760000.0,8.86,24.05,4.253528772153087,0.0,0.5942489710635499,0.5532515413879208,0.5670235226964774,3.92,0.0,2014,wheat,UpperEgypt
2015-01-02,0.026917910352621317,0.8380308468168531,608.1501065434347,0.0,395.29756925323267,212.85253729020212,608.1501065434347,0.149668825391152,60.400000000000055,0.3129386,,25.68,32.65,-99.0,15840000.0,6.42,22.08,3.44402076971063,0.0,0.500617470334927,0.46129902168150483,0.47640646847749507,3.15,0.0,2014,wheat,UpperEgypt
2015-01-03,0.031121515212295302,0.8941638164517147,648.8852078749745,0.0,421.7753851187335,227.10982275624102,648.8852078749744,0.15987160302055078,61.60000000000006,0.3129386,,25.68,32.65,-99.0,15780000.0,5.45,19.44,4.351311215939767,0.0,0.4999386774451384,0.4623740113583,0.4826032563524453,4.44,0.0,2014,wheat,UpperEgypt
2015-01-04,0.0353559450344334,0.9537735697859766,692.1433743004185,0.0,449.8931932952721,242.2501810051464,692.1433743004184,0.13833622879019905,62.80000000000006,0.3129386,,25.68,32.65,-99.0,16260000.0,1.98,17.76,4.590710422850245,0.0,0.45560918248002275,0.41935447048337215,0.3964140258791985,3.94,0.0,2014,wheat,UpperEgypt
2015-01-05,0.039453273776235,1.013195359574264,735.265137572035,0.0,477.92233942182276,257.34279815021216,735.2651375720349,0.10331893934721184,64.00000000000006,0.3129386,,25.68,32.65,-99.0,16100000.0,2.93,18.01,5.833561940670396,0.0,0.29222448699730386,0.2557518151754571,0.28217899682843794,2.1,0.0,2014,wheat,UpperEgypt
2015-01-06,0.044234492412798365,1.0767520285920982,781.3875388912177,0.0,507.9019002792915,273.4856386119261,781.3875388912176,0.1333535666321906,65.20000000000006,0.3129386,,25.68,32.65,-99.0,16050000.0,3.93,18.66,6.121348550473455,0.0,0.36607756943025455,0.32893886675867245,0.3472581472910606,3.19,0.0,2014,wheat,UpperEgypt
2015-01-07,0.049405667267190916,1.1456588283433797,831.3924733986792,0.0,540.4051077091416,290.9873656895375,831.3924733986788,0.14979249093315383,66.40000000000006,0.3129386,,25.68,32.65,-99.0,16090000.0,1.83,16.37,4.92558379192267,0.0,0.4139714097591806,0.3788399270015691,0.3718542315278043,4.3,0.0,2014,wheat,UpperEgypt
2015-01-08,0.0535831958032039,1.209435547378054,877.6745626836387,0.0,570.4884657443653,307.18609693927334,877.6745626836384,0.1332350958433231,67.60000000000007,0.3129386,,25.68,32.65,-99.0,16330000.0,1.9,14.89,5.040668926509634,0.0,0.31656712454677755,0.2816097154328872,0.31743740196691045,3.59,0.0,2014,wheat,UpperEgypt
2015-01-09,0.05744807943986314,1.270866220605911,922.2541513830993,0.0,599.4651983990146,322.7889529840846,922.2541513830992,0.12717613225363292,68.80000000000007,0.3129386,,25.68,32.65,-99.0,15800000.0,1.92,14.22,6.197478682644121,0.0,0.3020521860260339,0.2685426126796383,0.29199491670439554,4.6,0.0,2014,wheat,UpperEgypt
2015-01-10,0.06117446857849958,1.328987257094938,964.4319717670083,0.0,626.8807816485555,337.55119011845284,964.4319717670085,0.12679667303578188,70.00000000000007,0.3129386,,25.68,32.65,-99.0,16380000.0,0.77,14.35,5.262399958707834,0.0,0.29100589367296475,0.2567781927875533,0.2816990308464385,3.18,0.0,2014,wheat,UpperEgypt
2015-01-11,0.06467630005537929,1.3729605506403941,996.3429249930286,0.0,647.6229012454687,348.72002374756,996.3429249930289,0.11993650286612073,71.20000000000007,0.3129386,,25.68,32.65,-99.0,16200000.0,0.13,17.38,6.576576305993832,0.0,0.27886634647730124,0.24383284454475224,0.26022907805830137,2.32,0.0,2014,wheat,UpperEgypt
2015-01-12,0.06874491629645282,1.418394830955026,1029.3141008381897,0.0,669.0541655448234,360.2599352933663,1029.31410083819,0.1256165619805208,72.40000000000008,0.3129386,,25.68,32.65,-99.0,16270000.0,5.12,21.24,8.680577469047716,0.0,0.2881105896588347,0.2486986751517108,0.2662503780368005,1.64,0.0,2014,wheat,UpperEgypt
2015-01-13,0.07489073812739147,1.4778374172012418,1072.4509558789853,0.0,697.0931213213405,375.3578345576447,1072.4509558789853,0.13556596232077495,73.60000000000008,0.3129386,,25.68,32.65,-99.0,16470000.0,6.77,21.54,7.620794977078843,0.0,0.2903980216177146,0.2496024402745376,0.27909146011530633,1.48,0.0,2014,wheat,UpperEgypt
2015-01-14,0.08151448476193698,1.5510966537779878,1125.6144076763335,0.0,731.6493649896169,393.96504268671663,1125.6144076763337,0.18519470465333074,74.80000000000008,0.3129386,,25.68,32.65,-99.0,16300000.0,5.55,18.37,5.408319299356986,0.0,0.34875085281773394,0.3104034152693497,0.3686073442176042,3.06,0.0,2014,wheat,UpperEgypt
2015-01-15,0.08713153148861116,1.6399843412481439,1190.1192607025714,0.0,773.5775194566714,416.5417412458999,1190.1192607025716,0.1655029979346096,76.00000000000009,0.3129386,,25.68,32.65,-99.0,16720000.0,2.97,18.61,6.046046468551459,0.0,0.3434132523348989,0.3052199037576082,0.3170995731066678,2.52,0.0,2014,wheat,UpperEgypt
2015-01-16,0.09221820033158439,1.7314627827992888,1256.5041965161745,0.0,816.7277277355134,439.776468780661,1256.5041965161747,0.17044704223429027,77.20000000000009,0.3129386,,25.68,32.65,-99.0,16640000.0,4.36,19.58,7.318152493478514,0.0,0.3387060837946199,0.29954914155038437,0.31493816344911363,2.56,0.0,2014,wheat,UpperEgypt
2015-01-17,0.09788309535914302,1.8268960667845044,1325.759119582369,0.0,861.74342772854,464.015691853829,1325.759119582369,0.19605133635138572,78.40000000000009,0.3129386,,25.68,32.65,-99.0,16940000.0,4.17,19.97,6.571832460871574,0.0,0.3840417332685082,0.3440810013514154,0.3497832998964297,2.79,0.0,2014,wheat,UpperEgypt
2015-01-18,0.10361817680907588,1.9254665159363655,1397.2906501715281,0.0,908.2389226114934,489.0517275600347,1397.2906501715281,0.19884545408219217,79.6000000000001,0.3129386,,25.68,32.65,-99.0,17210000.0,4.5,22.02,6.961039097184912,0.0,0.36251916488227964,0.3207524469240087,0.34309566879744413,2.2,0.0,2014,wheat,UpperEgypt
2015-01-19,0.10994459242158838,2.027142713871894,1470.9393364301322,0.0,956.1993933357993,514.7399430943328,1469.881098340601,0.2021211239576314,80.8000000000001,0.3129386,,25.68,32.65,-99.0,17040000.0,6.67,25.21,8.086931926038122,0.0,0.35168354925538625,0.3078215229935876,0.3377884122929304,1.66,0.0,2014,wheat,UpperEgypt
2015-01-20,0.11758171948758314,2.1311138125149727,1546.0072305650299,0.0,1005.2423643938556,540.7648661711743,1542.0211465008078,0.19060187088181638,82.0000000000001,0.3129386,,25.68,32.65,-99.0,16700000.0,8.9,25.76,7.906471324409708,0.0,0.3333359023577133,0.2891314184830155,0.30905513281354613,1.23,0.0,2014,wheat,UpperEgypt
2015-01-21,0.1259206767765529,2.238496530251349,1623.237403287724,0.0,1055.8945897412027,567.3428135465213,1614.0044599096443,0.20383627262382573,83.2000000000001,0.3129386,,25.68,32.65,-99.0,17190000.0,7.92,27.59,6.449549125980633,0.0,0.33222592290212477,0.2863496206266905,0.3211006805567876,1.12,0.0,2014,wheat,UpperEgypt
2015-01-22,0.1345018701668978,2.350390522668351,1703.372480149913,0.0,1108.6747748435619,594.697705306351,1686.2404161723534,0.23130092722340614,84.4000000000001,0.3129386,,25.68,32.65,-99.0,17770000.0,10.37,28.91,5.246835586109778,0.0,0.36040201101736963,0.311309935294752,0.35435492939167096,1.21,0.0,2014,wheat,UpperEgypt
2015-01-23,0.1440369211906207,2.464283112765207,1784.586190247081,0.0,1162.3976947005694,622.1884955465115,1756.969504838095,0.2627447624493086,85.60000000000011,0.3129386,,25.68,32.65,-99.0,13500000.0,10.96,30.58,6.729986054850604,0.0,0.41400156765609014,0.375976988061705,0.39210523333963226,1.5,0.0,2014,wheat,UpperEgypt
2015-01-24,0.15416697205247254,2.5714817326685373,1860.6610906807127,0.0,1212.9630814474235,647.6980092332892,1820.7286808622566,0.2463753653669628,86.80000000000011,0.3129386,,25.68,32.65,-99.0,17400000.0,15.06,29.97,6.901390459484452,0.0,0.37035902569806306,0.319957722264402,0.3593445201219646,1.17,0.0,2014,wheat,UpperEgypt
2015-01-25,0.16519957826472176,2.679775952394135,1937.1250477683818,0.0,1264.0452605632715,673.0797872051103,1882.244720677811,0.23797825664371755,88.00000000000011,0.3129386,,25.68,32.65,-99.0,15920000.0,14.74,29.83,10.720384087714269,0.0,0.3737125711365888,0.32776235235081697,0.33968876471281256,1.17,0.0,2014,wheat,UpperEgypt
2015-01-26,0.17617157521252919,2.795453591631218,2018.355102732101,0.0,1318.6101847317072,699.7449180003937,1944.7339077084189,0.300481437983752,89.20000000000012,0.3129386,,25.68,32.65,-99.0,17480000.0,13.98,29.39,9.070035223438332,0.0,0.44180079408419975,0.3918238093694051,0.41980456484014567,1.74,0.0,2014,wheat,UpperEgypt
2015-01-27,0.18689994134078056,2.9226391953514574,2107.1825397111834,0.0,1378.603394033707,728.5791456774764,2010.0748483455304,0.2981308328711692,90.40000000000012,0.3129386,,25.68,32.65,-99.0,17570000.0,13.16,29.73,9.800562520793934,0.0,0.4394618222023302,0.38942126463685744,0.4075185808613391,1.65,0.0,2014,wheat,UpperEgypt
2015-01-28,0.19756182660915528,3.0210590694369235,2199.4911518862864,0.0,1441.2778629419458,758.2132889443408,2075.047921979124,0.4174225250099496,91.60000000000012,0.3129386,,25.68,32.65,-99.0,17830000.0,10.94,24.7,4.755536566814168,0.0,0.5385583456560966,0.4909149350495917,0.5616520489567352,3.38,0.0,2014,wheat,UpperEgypt
2015-01-29,0.2064657327235865,3.170282456120201,2304.743320917533,0.0,1513.1146374340105,791.6286834835223,2145.931784977394,0.3552148207878819,92.80000000000013,0.3129386,,25.68,32.65,-99.0,18050000.0,7.73,22.31,3.2560984392150436,0.0,0.4640013292098152,0.41843427953868223,0.4674601624117619,2.6,0.0,2014,wheat,UpperEgypt
2015-01-30,0.21400861482786307,3.331225422169485,2417.810877023841,0.0,1590.6211556391518,827.189721384689,2218.9043838786656,0.3122667489521491,94.00000000000013,0.3129386,,25.68,32.65,-99.0,18730000.0,5.19,20.93,3.732465650406041,0.0,0.4264184401450608,0.38117471820793014,0.40206463325866776,2.23,0.0,2014,wheat,UpperEgypt
2015-01-31,0.22060085731406187,3.501068966085808,2536.7742045361865,0.0,1672.468266583842,864.3059379523446,2292.80962588142,0.3166950601083459,95.20000000000013,0.3129386,,25.68,32.65,-99.0,19090000.0,5.7,23.02,3.173053962488821,0.0,0.4110620808065056,0.363560329671007,0.39931692619591275,1.83,0.0,2014,wheat,UpperEgypt
2015-02-01,0.22788693282218675,3.6777538304925,2657.52454163555,0.0,1755.81018375681,901.7143578787401,2365.346102475166,0.3452980953315809,96.40000000000013,0.3129386,,25.68,32.65,-99.0,17870000.0,8.74,26.75,3.003099780533533,0.0,0.43393457344226005,0.3862526216481687,0.42687054418213577,1.69,0.0,2014,wheat,UpperEgypt
2015-02-02,0.2369377884582187,3.850855661503004,2777.899439819973,0.0,1839.185326415881,938.7141134040919,2434.997531741957,0.37298412705639783,97.60000000000014,0.3129386,,25.68,32.65,-99.0,18540000.0,10.71,27.35,2.347510076620591,0.0,0.45659883420085895,0.40593313285151356,0.4530760434503794,1.77,0.0,2014,wheat,UpperEgypt
2015-02-03,0.24669555872813612,4.025387069605224,2899.192856090578,0.0,1923.5625977179873,975.6302583725908,2501.952827081703,0.42695362093641326,98.80000000000014,0.3129386,,25.68,32.65,-99.0,17500000.0,10.77,27.04,2.6005492812152258,0.0,0.5298660700642566,0.4821506061673223,0.5103567482302117,2.22,0.0,2014,wheat,UpperEgypt
2015-02-04,0.25644116868784067,4.201851038705364,3024.957446736651,0.0,2011.4592839356148,1013.498162801036,2567.892419623465,0.4343271651323615,100.0,0.3129386,,25.68,32.65,-99.0,18390000.0,8.15,27.88,3.974802782333055,0.0,0.5173874367229435,0.46806542117793165,0.5115424661683805,2.25,0.0,2014,wheat,UpperEgypt
2015-02-05,0.265778186333308,4.389838388281583,3156.3373235606377,0.0,2102.748205753357,1053.5891178072807,2633.2687083161863,0.35679889759896183,100.0,0.3129386,,25.68,32.65,-99.0,18400000.0,11.51,31.1,4.214964566753981,0.0,0.42189225134567315,0.3696068191649913,0.4142572168869963,1.3,0.0,2014,wheat,UpperEgypt
2015-02-06,0.27688058269679877,4.552875968708643,3272.285540901523,0.0,2182.448395829401,1089.837145072122,2688.1003421338182,0.4234577095963806,100.0,0.3129386,,25.68,32.65,-99.0,17790000.0,12.51,32.92,4.816432929101372,0.0,0.4892795313431031,0.4375901502659635,0.48611291366558584,1.63,0.0,2014,wheat,UpperEgypt
2015-02-07,0.28878279329295775,4.688570608466911,3371.115743554098,0.0,2249.5042469379287,1121.6114966161697,2732.035392257598,0.5008139962428261,100.0,0.3129386,,25.68,32.65,-99.0,18620000.0,14.86,33.28,6.971024685387793,0.0,0.5876153913710764,0.5324179390646748,0.5699198123798187,2.18,0.0,2014,wheat,UpperEgypt
2015-02-08,0.30146479635150775,4.802766067981616,3456.5429664097956,0.0,2306.6528178764333,1149.8901485333622,2767.517532227533,0.5342283574901521,100.0,0.3129386,,25.68,32.65,-99.0,17780000.0,10.88,26.46,6.076953424276224,0.0,0.6701501807885211,0.6218788362765616,0.6037717962277662,3.65,0.0,2014,wheat,UpperEgypt
2015-02-09,0.311356450320095,4.998344186377512,3601.89234304579,0.0,2402.4130806669173,1199.4792623788726,2823.5506492382788,0.3977458142891939,100.0,0.3129386,,25.68,32.65,-99.0,18350000.0,9.01,25.14,5.525180014448782,0.0,0.4849832999969513,0.4366534043084337,0.4446461017640438,2.09,0.0,2014,wheat,UpperEgypt
2015-02-10,0.32045375887440286,5.20279689610749,3755.280508363484,0.0,2502.2557137132985,1253.0247946501854,2879.2442250736426,0.5370296779130489,100.0,0.3129386,,25.68,32.65,-99.0,16990000.0,10.31,25.53,3.9869731193313562,0.0,0.6382081511123934,0.5927228549781091,0.5941950941010845,3.3,0.0,2014,wheat,UpperEgypt
2015-02-11,0.3300550905075147,5.404113580890397,3908.269394829696,0.0,2600.725020545604,1307.544374284092,2931.7351779964783,0.4358965402050727,100.0,0.3129386,,25.68,32.65,-99.0,19480000.0,7.07,17.72,4.9587534259261155,0.0,0.4749521075468305,0.42863535635606614,0.4778907173912428,4.39,0.0,2014,wheat,UpperEgypt
2015-02-12,0.33673381884506154,5.627484727720956,4079.5651664711086,0.0,2709.661581892746,1369.9035845783621,2987.001303113745,0.3628842481288413,100.0,0.3129386,,25.68,32.65,-99.0,19550000.0,3.35,17.44,4.098002337329844,0.0,0.4204891609958413,0.3762878132324061,0.39421255684881357,2.8,0.0,2014,wheat,UpperEgypt
2015-02-13,0.3423667829026558,5.84472839436151,4249.0281077445325,0.0,2816.5271063446553,1432.5010013998776,3039.3251015237943,0.35007902180858114,100.0,0.3129386,,25.68,32.65,-99.0,19360000.0,4.71,19.21,4.649734509314279,0.0,0.4028422735505618,0.357295869198616,0.37726847922007034,2.18,0.0,2014,wheat,UpperEgypt
2015-02-14,0.3488848574707412,6.064751026301852,4427.456017848908,0.0,2928.2419937886098,1499.214024060299,3092.369193155088,0.3214963700220233,100.0,0.3129386,,25.68,32.65,-99.0,19330000.0,7.42,22.78,5.085853229547409,0.0,0.37618467620979557,0.3273021718633199,0.3439477431116401,1.26,0.0,2014,wheat,UpperEgypt
2015-02-15,0.35716142318640975,6.267986852202862,4600.812459896564,0.0,3035.8776415711545,1564.9348183254092,3141.646551300394,0.5298671184800268,100.0,0.3129386,,25.68,32.65,-99.0,17490000.0,9.54,26.12,5.456407459564031,0.0,0.6328022207666385,0.5860584127017278,0.563431009260946,3.11,0.0,2014,wheat,UpperEgypt
2015-02-16,0.36699062129046645,6.450548291516092,4766.306195514933,0.0,3137.5356211141734,1628.77057440076,3186.3939819074412,0.4241420559301686,100.0,0.3129386,,25.68,32.65,-99.0,19550000.0,7.56,23.74,7.199071104507789,0.0,0.5102124060871571,0.4601928053750802,0.4487669263992228,2.6,0.0,2014,wheat,UpperEgypt
2015-02-17,0.37566787162926557,6.637817591281897,4943.507154160752,0.0,3244.9916119700542,1698.515542190698,3231.530594008565,0.38685980240706397,100.0,0.3129386,,25.68,32.65,-99.0,14340000.0,10.85,22.78,8.6201345043815,0.001,0.40535514969420483,0.367780842778391,0.40740851926090843,2.76,0.0,2014,wheat,UpperEgypt
2015-02-18,0.38504505291920094,6.791389078571111,5102.672443918073,0.0,3340.4057442393328,1762.2666996787407,3269.922257137361,0.497209285039365,100.0,0.3129386,,25.68,32.65,-99.0,20290000.0,9.4,24.43,6.403055284412114,0.0,0.5702827579544102,0.5170121476139887,0.521768803572336,3.01,0.0,2014,wheat,UpperEgypt
2015-02-19,0.39453275079787015,6.9585061707491445,5280.221102018739,0.0,3445.5081505666485,1834.7129514520902,3310.2126712017857,0.46915545177099627,100.0,0.3129386,,25.68,32.65,-99.0,20480000.0,6.71,21.98,7.260985275721676,0.0,0.5796605778129269,0.5287170454922898,0.4905738000226606,3.96,0.0,2014,wheat,UpperEgypt
2015-02-20,0.40262571678352654,7.129226334914898,5469.370536963657,0.0,3556.04212451253,1913.3284124511274,3350.4652033247435,0.43162391874559314,100.0,0.3129386,,25.68,32.65,-99.0,21180000.0,4.89,16.46,5.227437432985377,0.0,0.4773064243674897,0.42906882902554777,0.4498103200209006,4.76,0.0,2014,wheat,UpperEgypt
2015-02-21,0.4086832733037142,7.286329953169857,5656.38676995169,0.0,3664.1186983161906,1992.2680716355003,3388.4849711395427,0.40039698756632175,100.0,0.3129386,,25.68,32.65,-99.0,20710000.0,3.96,19.08,6.072529609352363,0.0,0.4874430787057144,0.4392494852925612,0.4160710546930234,3.31,0.0,2014,wheat,UpperEgypt
2015-02-22,0.41525845620990637,7.450880267480908,5857.720596898785,0.0,3779.4937286297736,2078.226868269011,3428.7111614064324,0.38289219547835207,100.0,0.3129386,,25.68,32.65,-99.0,20130000.0,8.11,22.66,7.642441966394306,0.0,0.4375917229611879,0.38637536590281135,0.39677244323957883,2.0,0.0,2014,wheat,UpperEgypt
2015-02-23,0.4240909069773436,7.59128256634898,6048.089552667392,0.0,3887.583933875309,2160.505618792083,3466.028111181042,0.446426008224664,100.0,0.3129386,,25.68,32.65,-99.0,20470000.0,9.42,28.15,7.152941899642848,0.0,0.5020582033542231,0.4463665844644594,0.46158492463654166,1.73,0.0,2014,wheat,UpperEgypt
2015-02-24,0.4349382949799167,7.7049603563810525,6224.826331067706,0.0,3986.685065917157,2238.141265150549,3499.783381758745,0.7152938536622396,100.0,0.3129386,,25.68,32.65,-99.0,16960000.0,13.37,29.26,7.940034453235212,0.0,0.8765890314754223,0.8283876514922939,0.738332238969703,4.69,0.0,2014,wheat,UpperEgypt
2015-02-25,0.447318583459659,7.782879459226806,6379.230737637224,0.0,4071.9239203651377,2307.306817272086,3528.3279350437465,0.5360103833527734,100.0,0.3129386,,25.68,32.65,-99.0,21850000.0,8.84,25.32,6.576576305993832,0.0,0.6320801974570542,0.5745263956835902,0.5526610306514271,3.06,0.0,2014,wheat,UpperEgypt
2015-02-26,0.4572970841442816,7.889921276462194,6565.66671174444,0.0,4172.999276386783,2392.6674353576573,3561.505518910589,0.49565308472569614,100.0,0.3129386,,25.68,32.65,-99.0,21860000.0,8.45,30.25,6.807869938370086,0.0,0.5326860761228385,0.4726037799647974,0.5103045919466154,1.78,0.0,2014,wheat,UpperEgypt
2015-02-27,0.4686678654845039,7.976433688496252,6742.257655525127,0.0,4267.327506847645,2474.930148677482,3591.9576568536145,0.5893025049216477,100.0,0.3129386,,25.68,32.65,-99.0,21240000.0,12.86,33.67,7.386225832633807,0.0,0.6321644353855056,0.5699368870367592,0.6060382687124163,2.11,0.0,2014,wheat,UpperEgypt
2015-02-28,0.48241916121779266,7.973229667311798,6845.915054085284,0.0,4321.754452171895,2524.16060191339,3609.188153556011,0.8108340818412575,100.0,0.3129386,,25.68,32.65,-99.0,21250000.0,14.42,27.92,4.266452842048775,0.0,0.8335095694466247,0.7732586619399358,0.8338953513607901,4.77,0.0,2014,wheat,UpperEgypt
2015-03-01,0.4950052671812225,8.04036151846006,7016.154318920571,0.0,4409.268443845115,2606.8858750754566,3636.2207817950307,0.7350053478862549,100.0,0.3129386,,25.68,32.65,-99.0,20300000.0,12.62,28.25,3.8845706568631173,0.0,0.8460899953510952,0.7892336196154994,0.7552707189361039,3.89,0.0,2014,wheat,UpperEgypt
2015-03-02,0.5072253263326789,8.106162171289911,7192.323345105794,0.0,4498.056890711117,2694.2664543946767,3663.0109705591585,0.758160595928209,100.0,0.3129386,,25.68,32.65,-99.0,20350000.0,14.92,29.13,4.6010779411164995,0.0,0.7978991380017009,0.7394013761167288,0.7784381916363362,3.93,0.0,2014,wheat,UpperEgypt
2015-03-03,0.5204730228852269,8.145506880238209,7351.875939065616,0.0,4576.253982816254,2775.6219562493616,3686.3963742319334,0.7755284391006447,100.0,0.3129386,,25.68,32.65,-99.0,20750000.0,14.92,28.2,5.173459920977415,0.0,0.7870256077407154,0.7278183518137828,0.7958969812846701,4.43,0.0,2014,wheat,UpperEgypt
2015-03-04,0.5335165828383852,8.188107351385838,7523.232682098278,0.0,4657.126613891975,2866.1060682063035,3710.620668574481,0.6759111516302263,100.0,0.3129386,,25.68,32.65,-99.0,21480000.0,12.11,26.07,6.482272104389564,0.0,0.7492068504875564,0.6904432228748815,0.6933175848200704,4.38,0.0,2014,wheat,UpperEgypt
2015-03-05,0.5451330184335306,8.237900560748546,7711.54205636943,0.0,4742.635428778231,2968.9066275911996,3736.2858523165078,0.6205790049389982,100.0,0.3129386,,25.68,32.65,-99.0,21520000.0,11.86,27.74,7.117244297610056,0.0,0.7315273101982808,0.671908563514565,0.6361974680496651,3.31,0.0,2014,wheat,UpperEgypt
2015-03-06,0.5572514917783019,8.275295934826806,7896.688398999388,0.0,4823.76173256606,3072.926666433327,3760.6901383238423,0.5518933497051699,100.0,0.3129386,,25.68,32.65,-99.0,22420000.0,10.97,30.13,5.863506598302033,0.0,0.6080291605995336,0.5451128663662772,0.5655456474740636,2.01,0.0,2014,wheat,UpperEgypt
2015-03-07,0.5699019437807341,8.295874350879242,8072.940206761976,0.0,4898.064788607587,3174.8754181543886,3783.1045676089548,0.5834380873577132,100.0,0.3129386,,25.68,32.65,-99.0,22740000.0,10.28,31.37,3.980883825528174,0.0,0.6172977296345897,0.5531886714386907,0.5977344205551298,1.99,0.0,2014,wheat,UpperEgypt
2015-03-08,0.5827958950988494,8.298385577031048,8237.18359771414,0.0,4964.459179589566,3272.724418124574,3803.2032795962564,0.6133519194507066,100.0,0.3129386,,25.68,32.65,-99.0,22040000.0,13.03,32.54,3.977842273208946,0.0,0.6568975175746197,0.5927912354587953,0.6283638594289889,2.08,0.0,2014,wheat,UpperEgypt
2015-03-09,0.5969848934745275,8.263990019371672,8364.092491512953,0.0,5013.519742299824,3350.5727492131277,3818.117581508266,0.5797866490757723,100.0,0.3129386,,25.68,32.65,-99.0,20910000.0,16.28,34.52,4.863465756105933,0.0,0.6353797898909384,0.5722358612014162,0.5942039228627211,1.75,0.0,2014,wheat,UpperEgypt
2015-03-10,0.612893517095354,8.175979701913265,8426.045840142904,0.0,5036.265541385668,3389.7802987572354,3825.0705401972086,0.8617489590986668,100.0,0.3129386,,25.68,32.65,-99.0,21780000.0,19.49,36.97,7.407283646810128,0.0,0.955852062366394,0.8876859627070518,0.884065777965579,3.41,0.0,2014,wheat,UpperEgypt
2015-03-11,0.6306763139174834,8.045246719986363,8426.045840142904,0.0,5036.265541385669,3389.7802987572354,3825.0705401972086,0.5609135202154825,100.0,0.3129386,,25.68,32.65,-99.0,8700000.0,19.62,35.76,8.602074134922596,0.0,0.6501516232047257,0.6230981845168709,0.5763439828845877,2.2,0.0,2014,wheat,UpperEgypt
2015-03-12,0.6482190039282829,7.92252040091779,8426.045840142904,0.0,5036.265541385669,3389.7802987572354,3825.0705401972086,0.7643881279545,100.0,0.3129386,,25.68,32.65,-99.0,22310000.0,14.39,25.27,6.817661194804753,0.0,0.7910202739561092,0.7291805870244459,0.7866448183482336,5.83,0.0,2014,wheat,UpperEgypt
2015-03-13,0.6608539498554025,7.932559299709193,8624.703285925094,0.0,5095.427753752654,3529.275532172439,3843.651909961821,0.6474925178834772,100.0,0.3129386,,25.68,32.65,-99.0,23150000.0,10.91,27.02,4.6602200320107325,0.0,0.7633095174033487,0.7001200441728284,0.6662581192058068,3.16,0.0,2014,wheat,UpperEgypt
2015-03-14,0.673006684514937,7.940615712744869,8829.746498596907,0.0,5153.935090976023,3675.811407620884,3861.9050017755576,0.641167567823831,100.0,0.3129386,,25.68,32.65,-99.0,19500000.0,13.69,25.14,5.135207241488322,0.0,0.6250093207539201,0.5713515284473404,0.6596806720327119,3.63,0.0,2014,wheat,UpperEgypt
2015-03-15,0.6855185419300925,7.938722667544013,9027.440886080427,0.0,5207.974588188374,3819.466297892053,3878.652481578685,0.7432590793891034,100.0,0.3129386,,25.68,32.65,-99.0,23480000.0,11.6,28.65,4.932937791991006,0.0,0.8816819983241422,0.8162661483326363,0.7647387972287218,3.82,0.0,2014,wheat,UpperEgypt
2015-03-16,0.6985614945037458,7.9327782768040285,9226.962830092618,0.0,5260.050102664643,3966.9127274279745,3894.6771750828184,0.6126545679718373,100.0,0.3129386,,25.68,32.65,-99.0,23420000.0,10.36,26.67,6.393792147600763,0.0,0.7362972750125464,0.6728950275431506,0.6304086969947935,3.16,0.0,2014,wheat,UpperEgypt
2015-03-17,0.7106288326452785,7.928081294610919,9438.536126166755,0.0,5312.547806646023,4125.988319520732,3910.7076627315773,0.5281270049728021,100.0,0.3129386,,25.68,32.65,-99.0,22680000.0,10.9,23.53,6.041642555166838,0.0,0.5578671798939546,0.4979684959702288,0.5434649311742462,2.71,0.0,2014,wheat,UpperEgypt
2015-03-18,0.7219120860538196,7.922844149843205,9659.141365680494,0.0,5364.659517541061,4294.481848139434,3926.771387251741,0.6514657453680621,100.0,0.3129386,,25.68,32.65,-99.0,24290000.0,8.32,28.39,4.295659366929806,0.0,0.7321440385866134,0.6665814108768335,0.6704316308169945,2.85,0.0,2014,wheat,UpperEgypt
2015-03-19,0.734010063601207,7.909354768887645,9872.716778458365,0.0,5412.732514617408,4459.984263840957,3941.769852624764,0.7135665202732653,100.0,0.3129386,,25.68,32.65,-99.0,24000000.0,9.43,29.24,5.150478158789101,0.0,0.8181088450172125,0.7521623692648438,0.7344705134916403,3.42,0.0,2014,wheat,UpperEgypt
2015-03-20,0.7468252484171297,7.888878168700475,10081.02920664828,0.0,5457.133884468544,4623.895322179736,3955.8229033315342,0.6285357461184821,100.0,0.3129386,,25.68,32.65,-99.0,23656666.666666668,9.549999999999999,27.05333333333333,5.162593360295248,0.0,0.7401001350265533,0.6763104155382577,0.6471242465854565,2.9933333333333336,0.0,2014,wheat,UpperEgypt
2015-03-21,0.7590231358108646,7.867491819724774,10297.504896387893,0.0,5500.537563238192,4796.967333149701,3969.7961639893915,0.6328955089494668,100.0,0.3129386,,25.68,32.65,-99.0,23670000.0,11.45,28.04,5.719324227642915,0.0,0.7458762818716547,0.6803641677060182,0.6517993562042992,2.83,0.0,2014,wheat,UpperEgypt
2015-03-22,0.7722560379582506,7.838134772266043,10504.719344427613,0.0,5539.59002919343,4965.129315234181,3982.6002230407807,0.7270504863919623,100.0,0.3129386,,25.68,32.65,-99.0,24680000.0,10.73,29.53,4.341444108634332,0.0,0.8328099213779382,0.7640449325733643,0.7490641646558363,3.24,0.0,2014,wheat,UpperEgypt
2015-03-23,0.7858215491794474,7.803696462261945,10709.090187333471,0.0,5575.437743019647,5133.652444313824,3994.620487757098,0.5314814920192342,100.0,0.3129386,,25.68,32.65,-99.0,23660000.0,8.69,30.0,3.78741835954414,0.0,0.5873643939838796,0.5223405796902197,0.5478327802790337,1.59,0.0,2014,wheat,UpperEgypt
2015-03-24,0.7989298300538596,7.767991169328196,10920.845022705274,0.0,5609.745881991789,5311.099140713486,4006.432812985437,0.5222953475570545,100.0,0.3129386,,25.68,32.65,-99.0,22000000.0,15.96,32.64,4.748417322905814,0.0,0.6051614246232416,0.5397297877793938,0.5386324273649743,1.37,0.0,2014,wheat,UpperEgypt
2015-03-25,0.8154859219667463,7.695475550400178,11027.999368240802,0.0,5625.720709482433,5402.278658758368,4012.0979334877056,0.5722532174642554,100.0,0.3129386,,25.68,32.65,-99.0,23990000.0,19.0,34.88,4.088646295214035,0.0,0.644550772450333,0.5706388240244011,0.5907658960493185,1.44,0.0,2014,wheat,UpperEgypt
2015-03-26,0.8339408937701249,7.59794217915586,11044.760213214351,0.0,5627.945613701521,5416.81459951283,4012.9227505515673,0.7097716566283907,100.0,0.3129386,,25.68,32.65,-99.0,24270000.0,17.6,36.9,5.910837208835133,0.0,0.7825348610930637,0.7074707382228232,0.7337982219904239,2.12,0.0,2014,wheat,UpperEgypt
2015-03-27,0.8527096712257048,7.501156364392934,11044.760213214351,0.0,5627.94561370152,5416.81459951283,4012.9227505515673,0.6878754812053393,100.0,0.3129386,,25.68,32.65,-99.0,24190000.0,19.96,39.0,6.161549094635332,0.0,0.7615613611077733,0.6847583541664847,0.7122341137208883,1.83,0.0,2014,wheat,UpperEgypt
2015-03-28,0.8731242227198658,7.409687229557439,11044.760213214351,0.0,5627.945613701521,5416.81459951283,4012.9227505515673,0.819319016284955,100.0,0.3129386,,25.68,32.65,-99.0,24360000.0,18.97,37.7,8.674516401828074,0.0,0.9244684474286595,0.8481331298345461,0.8495964357328406,2.86,0.0,2014,wheat,UpperEgypt
2015-03-29,0.8928515126563488,7.323145856719912,11044.760213214351,0.0,5627.945613701521,5416.81459951283,4012.9227505515673,0.8665451917159117,100.0,0.3129386,,25.68,32.65,-99.0,24160000.0,18.6,31.39,7.583042949234869,0.0,0.8870543448963307,0.8144973828763312,0.8998884352544074,4.41,0.0,2014,wheat,UpperEgypt
2015-03-30,0.9103466727166166,7.25466607324567,11157.556167922736,0.0,5634.306914546983,5523.249253375753,4016.5829316689483,0.77265385549976,100.0,0.3129386,,25.68,32.65,-99.0,24620000.0,15.48,28.94,4.896264790590356,0.0,0.816976181349317,0.7459981016735584,0.8033517136369259,3.67,0.0,2014,wheat,UpperEgypt
2015-03-31,0.92597535593764,7.1920875065059064,11348.327815194854,0.0,5641.772109184159,5706.555706010697,4022.2735258615285,0.7448664479038548,100.0,0.3129386,,25.68,32.65,-99.0,24450000.0,14.58,29.07,6.571832460871574,0.0,0.8541720153940797,0.7841107470965218,0.7753400983920186,3.73,0.0,2014,wheat,UpperEgypt
2015-04-01,0.9414145766733868,7.1267698826746635,11544.881366602871,0.0,5646.4321050181425,5898.449261584728,4027.811326955266,0.7190001991435414,100.0,0.3129386,,25.68,32.65,-99.0,24660000.0,12.84,28.55,5.94981325314441,0.0,0.8738190522408622,0.8044478847613646,0.7493300717829552,3.54,0.0,2014,wheat,UpperEgypt
2015-04-02,0.956131663491085,7.058713667597777,11758.626904439832,0.0,5648.243054945614,6110.383849494219,4033.485192896471,0.725709053593916,100.0,0.3129386,,25.68,32.65,-99.0,24100000.0,12.24,31.77,5.89358712745655,0.0,0.8400305571348028,0.7707749605327161,0.7573154239070692,2.98,0.0,2014,wheat,UpperEgypt
2015-04-03,0.971862465056873,6.990206985269345,11929.041251212693,20.898468569285303,5648.243054945614,6259.899727697795,4037.744940991125,0.8266633451733169,100.0,0.3129386,,25.68,32.65,-99.0,23820000.0,15.46,31.82,5.984649256226165,0.0,1.0020919204138203,0.9319181900395611,0.8638444063689075,3.84,0.0,2014,wheat,UpperEgypt
2015-04-04,0.9888502803090956,6.925058855282316,12069.602731615349,82.35887764219319,5648.243054945614,6339.000799027543,4041.026541582792,0.772386049980964,100.0,0.3129386,,25.68,32.65,-99.0,23730000.0,15.35,29.54,6.449549125980633,0.0,0.8773516216943493,0.808688925044504,0.8082073302440577,3.91,0.0,2014,wheat,UpperEgypt
2015-04-05,1.0,6.863055645101963,12261.00407616099,231.0787953849123,5648.243054945614,6381.682225830465,4045.1551510815575,0.6675834862804431,100.0,0.3129386,,25.68,32.65,-99.0,25300000.0,12.93,31.41,5.285823150609879,0.0,0.7757895741976253,0.7028967299453,0.6994621401524733,2.38,0.0,2014,wheat,UpperEgypt
2015-04-06,1.0238900862068965,6.804001192523839,12442.42250895332,412.4972281772409,5648.243054945614,6381.682225830465,4048.8575680773192,0.7466941660728706,100.0,0.3129386,,25.68,32.65,-99.0,25300000.0,13.23,33.44,4.387660901147795,0.0,0.8436977544327935,0.7694982975901461,0.7833579404996988,2.66,0.0,2014,wheat,UpperEgypt
2015-04-07,1.0490355603448276,6.669493163412507,12576.02522023792,546.0999394618415,5648.243054945614,6381.682225830465,4051.2526235757405,0.8831467122527005,100.0,0.3129386,,25.68,32.65,-99.0,25200000.0,13.55,37.29,4.351311215939767,0.0,0.9538286756149054,0.8777092969958478,0.9293579032213517,3.1,0.0,2014,wheat,UpperEgypt
2015-04-08,1.076427801724138,6.46073823292802,12600.486349840421,570.5610690643432,5648.243054945614,6381.682225830465,4051.627559852612,0.6860268257838256,100.0,0.3129386,,25.68,32.65,-99.0,25480000.0,19.59,38.2,4.2696892941557,0.0,0.7750419289108532,0.6946762075256686,0.7256634747469614,1.81,0.0,2014,wheat,UpperEgypt
2015-04-09,1.1075646551724139,5.766402249652847,12600.486349840421,570.5610690643432,5648.243054945614,6381.682225830465,4051.627559852612,0.8537872921008419,100.0,0.3129386,,25.68,32.65,-99.0,24920000.0,17.48,31.22,5.989016413959919,0.0,0.964237253909689,0.8900684827751046,0.9226689173377143,4.31,0.0,2014,wheat,UpperEgypt
2015-04-10,1.1338038793103449,5.538214676353852,12741.224632534699,711.2993517586208,5648.243054945614,6381.682225830465,4052.9406163043304,0.7543140544587745,100.0,0.3129386,,25.68,32.65,-99.0,25460000.0,12.83,24.48,4.992120717690495,0.0,0.8446611754319961,0.7755582511876068,0.8223450539582133,5.48,0.0,2014,wheat,UpperEgypt
2015-04-11,1.1539062500000001,5.094893059108186,12991.229364444258,961.3040836681802,5648.243054945614,6381.682225830465,4054.6065786695567,0.626746606734178,100.0,0.3129386,,25.68,32.65,-99.0,26070000.0,10.68,21.17,5.301489835354337,0.0,0.7620424461238487,0.6949574903526606,0.6971544840813017,5.28,0.0,2014,wheat,UpperEgypt
2015-04-12,1.1710668103448276,4.892615098697315,13256.014259058655,1226.0889782825757,5648.243054945614,6381.682225830465,4055.8327233035925,0.6108966589365232,100.0,0.3129386,,25.68,32.65,-99.0,26330000.0,8.34,23.96,5.097205186349674,0.0,0.8522200009023028,0.784150811097873,0.6868773251377684,4.04,0.0,2014,wheat,UpperEgypt
2015-04-13,1.188469827586207,4.669797997283406,13517.05213721672,1487.1268564406423,5648.243054945614,6381.682225830465,4056.590180713074,0.6237347966560359,100.0,0.3129386,,25.68,32.65,-99.0,26030000.0,9.46,27.08,4.208567427520279,0.0,0.8278694977513718,0.7577216252406835,0.7106339570144181,3.11,0.0,2014,wheat,UpperEgypt
2015-04-14,1.208157327586207,4.435465972518137,13760.957612917098,1731.0323321410197,5648.243054945614,6381.682225830465,4056.871732565964,0.6519351560195398,100.0,0.3129386,,25.68,32.65,-99.0,26500000.0,9.67,28.43,3.896495640938609,0.0,0.8618237031110432,0.7893789381530468,0.7544525758293048,3.17,0.0,2014,wheat,UpperEgypt
2015-04-15,1.2286853448275863,3.961748571789581,13994.890955993584,1964.9656752175051,5648.243054945614,6381.682225830465,4056.871732565964,0.6360702124914076,100.0,0.3129386,,25.68,32.65,-99.0,26260000.0,9.71,25.98,4.113637937563099,0.0,0.9362338316180429,0.8660312466533989,0.7646626337841413,3.97,0.0,2014,wheat,UpperEgypt
2015-04-16,1.2479148706896552,3.732597336669045,14227.530909074212,2197.6056282981335,5648.243054945614,6381.682225830465,4056.871732565964,0.5837822627243541,100.0,0.3129386,,25.68,32.65,-99.0,26710000.0,10.08,26.63,4.92558379192267,0.0,0.8573555930435018,0.7852609950143451,0.7175613188581428,3.33,0.0,2014,wheat,UpperEgypt
2015-04-17,1.2676939655172415,3.5225029367403264,14449.95857732771,2420.0332965516313,5648.243054945614,6381.682225830465,4056.871732565964,0.6610992707535359,100.0,0.3129386,,25.68,32.65,-99.0,26010000.0,11.46,28.65,5.440336199246884,0.0,1.005640412971571,0.9332632074978617,0.8314897307202702,4.22,0.0,2014,wheat,UpperEgypt
2015-04-18,1.2893049568965518,3.3417965653106085,14653.40736418895,2623.4820834128714,5648.243054945614,6381.682225830465,4056.871732565964,0.65024439333215,100.0,0.3129386,,25.68,32.65,-99.0,27360000.0,11.77,31.87,4.9995626158421045,0.0,0.9319570319521224,0.8535634208099075,0.8360927602905635,3.23,0.0,2014,wheat,UpperEgypt
2015-04-19,1.3128178879310346,3.12751681054472,14799.817432203461,2769.8921514273816,5648.243054945614,6381.682225830465,4056.871732565964,0.5771007196280317,100.0,0.3129386,,25.68,32.65,-99.0,26930000.0,12.27,34.39,4.272927922641944,0.0,0.8123700261157418,0.7333959927058397,0.7641523347786499,2.25,0.0,2014,wheat,UpperEgypt
2015-04-20,1.337957974137931,2.927540961967692,14879.881780489122,2849.9564997130446,5648.243054945613,6381.682225830465,4056.871732565964,0.5929986904903637,100.0,0.3129386,,25.68,32.65,-99.0,27190000.0,14.32,37.21,3.180524917914838,0.0,0.8345262650487626,0.7520161336811737,0.809922188185492,2.19,0.0,2014,wheat,UpperEgypt
2015-04-21,1.3657219827586207,2.8121558378802836,14879.881780489122,2849.9564997130446,5648.243054945613,6381.682225830465,4056.871732565964,0.7054806392390714,100.0,0.3129386,,25.68,32.65,-99.0,26540000.0,18.35,38.21,4.498330204144844,0.0,1.0483392577818162,0.9652264701778469,0.982709518661102,3.16,0.0,2014,wheat,UpperEgypt
2015-04-22,1.3961961206896552,2.626626175533058,14879.881780489122,2849.9564997130446,5648.243054945613,6381.682225830465,4056.871732565964,0.5772631978144722,100.0,0.3129386,,25.68,32.65,-99.0,26200000.0,18.74,36.99,6.798091107070853,0.0,0.9178614855102672,0.8362178943422144,0.8325956135647354,2.47,0.0,2014,wheat,UpperEgypt
2015-04-23,1.4262230603448276,2.2726168329142418,14879.881780489122,2849.9564997130446,5648.243054945613,6381.682225830465,4056.871732565964,0.6447499278824568,100.0,0.3129386,,25.68,32.65,-99.0,26410000.0,16.91,29.96,5.293651362920465,0.0,1.0450462236763358,0.9674765734771837,1.006840802143002,5.29,0.0,2014,wheat,UpperEgypt
2015-04-24,1.4514762931034484,2.1011668550337137,14949.227472437768,2919.30219166169,5648.243054945613,6381.682225830465,4056.871732565964,0.5337527716938048,100.0,0.3129386,,25.68,32.65,-99.0,26320000.0,11.92,29.19,3.968729980080077,0.0,1.0382268742712135,0.9643599485732419,0.8728232507893774,4.07,0.0,2014,wheat,UpperEgypt
2015-04-25,1.4736260775862071,1.9198881674748507,15054.339648694699,3024.4143679186195,5648.243054945613,6381.682225830465,4056.871732565964,0.4465777003822765,100.0,0.3129386,,25.68,32.65,-99.0,28040000.0,10.98,33.06,4.123044669970669,0.0,0.8285407396205328,0.7479437897222361,0.7719500234740332,2.38,0.0,2014,wheat,UpperEgypt
2015-04-26,1.4973545258620693,1.7479004034446517,15093.834160165845,3063.908879389766,5648.243054945613,6381.682225830465,4056.871732565964,0.4234798773708793,100.0,0.3129386,,25.68,32.65,-99.0,27540000.0,12.9,35.58,3.1016345488032333,0.0,0.8128942479170892,0.7310555769922884,0.7776135816687608,2.11,0.0,2014,wheat,UpperEgypt
2015-04-27,1.5234752155172417,1.590377924636617,15093.834160165845,3063.908879389766,5648.243054945613,6381.682225830465,4056.871732565964,0.40172829123312936,100.0,0.3129386,,25.68,32.65,-99.0,27200000.0,18.55,38.58,3.993070673417926,0.0,0.8361973306008801,0.7507328505073447,0.785952524619684,1.93,0.0,2014,wheat,UpperEgypt
2015-04-28,1.5542564655172417,1.4496218157548213,15093.834160165845,3063.908879389766,5648.243054945613,6381.682225830465,4056.871732565964,0.39532313586561213,100.0,0.3129386,,25.68,32.65,-99.0,27300000.0,19.44,39.77,3.89351135434808,0.0,0.8689872155514735,0.7821895048481642,0.825018043664161,2.04,0.0,2014,wheat,UpperEgypt
2015-04-29,1.5861584051724142,1.3456134228090724,15093.834160165843,3063.908879389766,5648.243054945612,6381.682225830465,4056.871732565964,0.35967170325279474,100.0,0.3129386,,25.68,32.65,-99.0,27390000.0,21.33,41.04,4.45780388416588,0.0,0.8431171270812527,0.7545516513471147,0.7918573385035073,1.79,0.0,2014,wheat,UpperEgypt
2015-04-30,1.6184859913793108,1.2973923287470825,15093.834160165843,3063.908879389766,5648.243054945612,6381.682225830465,4056.871732565964,0.5047740545080986,100.0,0.3129386,,25.68,32.65,-99.0,27440000.0,20.79,41.67,4.962451123385504,0.0,1.1988041902263489,1.110036009619252,1.1414029363936193,3.58,0.0,2014,wheat,UpperEgypt
2015-05-01,1.6508135775862074,1.2973923287470825,15093.834160165843,3063.908879389766,5648.243054945612,6381.682225830465,4056.871732565964,0.4986358662568871,100.0,0.3129386,,25.68,32.65,-99.0,27560000.0,18.88,40.37,4.556301363358141,0.0,1.1866575553113874,1.0990137892483451,1.127523169730697,3.66,0.0,2014,wheat,UpperEgypt
2015-05-02,1.6827370689655177,1.171968438529073,15093.834160165843,3063.908879389766,5648.243054945612,6381.682225830465,4056.871732565964,0.4764872202196646,100.0,0.3129386,,25.68,32.65,-99.0,27880000.0,20.31,37.14,5.360606591390904,0.0,1.324101748720904,1.2363380353845101,1.1625771356113055,4.51,0.0,2014,wheat,UpperEgypt
2015-05-03,1.713690732758621,0.9333691495253473,15093.834160165843,3063.908879389766,5648.243054945612,6381.682225830465,4056.871732565964,0.3437250384004504,100.0,0.3129386,,25.68,32.65,-99.0,27670000.0,16.06,34.34,5.104785615538963,0.0,1.1397674541512532,1.0564359072064187,1.002219676117001,3.93,0.0,2014,wheat,UpperEgypt
2015-05-04,1.740845905172414,0.8229690588356552,15093.834160165845,3063.908879389766,5648.243054945612,6381.6822258304655,4056.871732565964,0.3092607811973461,100.0,0.3129386,,25.68,32.65,-99.0,28000000.0,16.09,34.63,6.059275245109571,0.0,1.1394857044481936,1.0549770831413918,0.9992342797134455,3.94,0.0,2014,wheat,UpperEgypt
2015-05-05,1.7681734913793106,0.6011970992976512,15093.834160165845,3063.908879389766,5648.243054945612,6381.6822258304655,4056.8717325659636,0.20483298246435006,100.0,0.3129386,,25.68,32.65,-99.0,27110000.0,17.61,34.95,7.2506337101097,0.0,0.9803444844818794,0.8975199759783419,0.8641588811247478,2.9,0.0,2014,wheat,UpperEgypt
2015-05-06,1.796492456896552,0.49928234549579403,15093.834160165845,3063.908879389766,5648.243054945612,6381.6822258304655,4056.871732565964,0.1381750120034817,100.0,0.3129386,,25.68,32.65,-99.0,22360000.0,20.28,32.29,6.567091639890807,0.0,0.6804416180081635,0.6121245429053292,0.6866662656474591,2.09,0.0,2014,wheat,UpperEgypt
2015-05-07,1.8248168103448277,0.4051514414113857,15093.834160165845,3063.908879389766,5648.243054945612,6381.6822258304655,4056.871732565964,0.14757766845262035,100.0,0.3129386,,25.68,32.65,-99.0,26720000.0,19.33,36.49,7.292118315371016,0.0,0.9964538614224694,0.9131448466981256,0.8854811000425897,2.81,0.0,2014,wheat,UpperEgypt
2015-05-08,1.8548922413793105,0.2303444145946275,15093.834160165845,3063.908879389766,5648.243054945612,6381.6822258304655,4056.871732565964,0.09574339661845908,100.0,0.3129386,,25.68,32.65,-99.0,26940000.0,20.97,36.64,6.496341096770404,0.0,1.0831630191614574,0.998280104785388,0.9723723860367105,3.29,0.0,2014,wheat,UpperEgypt
2015-05-09,1.8859321120689656,0.15434726128304876,15093.834160165845,3063.908879389766,5648.243054945612,6381.6822258304655,4056.8717325659636,0.05962669735862975,100.0,0.3129386,,25.68,32.65,-99.0,27640000.0,19.32,37.85,6.19297737794915,0.0,0.9757114555328676,0.8888442591904834,0.8886367249507714,2.55,0.0,2014,wheat,UpperEgypt
2015-05-10,1.9167349137931036,0.08161400666210762,15093.834160165845,3063.908879389766,5648.243054945612,6381.6822258304655,4056.8717325659636,0.035395752161375,100.0,0.3129386,,25.68,32.65,-99.0,27350000.0,20.06,37.54,7.276537093026501,0.0,1.1004015949909285,1.0142318046573862,0.9815773773574886,3.27,0.0,2014,wheat,UpperEgypt
2015-05-11,1.9477693965517242,0.04303057543747657,15093.834160165845,3063.908879389766,5648.243054945612,6381.6822258304655,4056.8717325659636,0.02321846691622008,100.0,0.3129386,,25.68,32.65,-99.0,26900000.0,22.35,40.81,6.256259423290121,0.0,1.3314874766420586,1.2441556242776777,1.2107148650523696,4.2,0.0,2014,wheat,UpperEgypt
2015-05-12,1.9800969827586208,0.04303057543747657,15093.834160165845,3063.908879389766,5648.243054945612,6381.6822258304655,4056.8717325659636,0.018629597838235,100.0,0.3129386,,25.68,32.65,-99.0,27100000.0,20.62,35.52,7.428394447197572,0.0,1.063014970462674,0.9783594170087891,0.9714306768868501,3.53,0.0,2014,wheat,UpperEgypt
2015-05-13,2.0,0.04303057543747657,15093.834160165845,3063.908879389766,5648.243054945612,6381.6822258304655,4056.8717325659636,0.019035632698674747,100.0,0.3129386,,25.68,32.65,-99.0,27300000.0,18.89,33.76,7.260985275721676,0.0,1.1107830138744352,1.0273294670378572,0.9926031532194906,4.13,0.0,2014,wheat,UpperEgypt
